2025-07-14 08:50:48,499 [Worker-1: Loading available Gradle versions] INFO  o.e.b.c.i.u.g.PublishedGradleVersions - Gradle version information cache is not available. Remote download required.
2025-07-14 08:51:29,913 [Worker-11: Importing Maven projects] INFO  o.e.m.c.i.l.LifecycleMappingFactory - Using org.eclipse.m2e.jdt.JarLifecycleMapping lifecycle mapping for MavenProject: br.com.sistema:Sistema:0.0.1-SNAPSHOT @ C:\Users\muruk\Documents\Desafio completo\Sistema_back\Sistema\pom.xml.
2025-07-14 08:51:31,621 [Worker-11: Importing Maven projects] INFO  o.e.m.j.i.AbstractJavaProjectConfigurator - Adding source folder /Sistema/src/main/java
2025-07-14 08:51:31,622 [Worker-11: Importing Maven projects] INFO  o.e.m.j.i.AbstractJavaProjectConfigurator - Adding resource folder /Sistema/src/main/resources
2025-07-14 08:51:31,626 [Worker-11: Importing Maven projects] INFO  o.e.m.j.i.AbstractJavaProjectConfigurator - Adding resource folder /Sistema/src/main/resources
2025-07-14 08:51:31,630 [Worker-11: Importing Maven projects] INFO  o.e.m.j.i.AbstractJavaProjectConfigurator - Adding source folder /Sistema/src/test/java
2025-07-14 08:51:31,631 [Worker-11: Importing Maven projects] INFO  o.e.m.j.i.AbstractJavaProjectConfigurator - Adding resource folder /Sistema/src/test/resources
2025-07-14 08:51:31,969 [Worker-11: Importing Maven projects] INFO  o.e.m.c.i.p.ProjectConfigurationManager - Imported and configured 1 project(s) in 4 sec
2025-07-14 08:51:35,873 [Worker-30: Building] INFO  o.e.m.c.i.embedder.EclipseLogger - Using 'UTF-8' encoding to copy filtered resources.
2025-07-14 08:51:35,873 [Worker-30: Building] INFO  o.e.m.c.i.embedder.EclipseLogger - Using 'UTF-8' encoding to copy filtered properties files.
2025-07-14 08:51:35,890 [Worker-30: Building] INFO  o.e.m.c.i.embedder.EclipseLogger - Copying 1 resource
2025-07-14 08:51:35,915 [Worker-30: Building] INFO  o.e.m.c.i.embedder.EclipseLogger - Copying 0 resource
2025-07-14 08:51:35,925 [Worker-30: Building] INFO  o.e.m.c.i.embedder.EclipseLogger - Using 'UTF-8' encoding to copy filtered resources.
2025-07-14 08:51:35,925 [Worker-30: Building] INFO  o.e.m.c.i.embedder.EclipseLogger - Using 'UTF-8' encoding to copy filtered properties files.
2025-07-14 08:51:35,925 [Worker-30: Building] INFO  o.e.m.c.i.embedder.EclipseLogger - skip non existing resourceDirectory C:\Users\muruk\Documents\Desafio completo\Sistema_back\Sistema\src\test\resources
2025-07-14 08:56:42,399 [Worker-13: Building] INFO  o.e.m.c.i.embedder.EclipseLogger - Using 'UTF-8' encoding to copy filtered resources.
2025-07-14 08:56:42,400 [Worker-13: Building] INFO  o.e.m.c.i.embedder.EclipseLogger - Using 'UTF-8' encoding to copy filtered properties files.
2025-07-14 08:56:42,405 [Worker-13: Building] INFO  o.e.m.c.i.embedder.EclipseLogger - Copying 1 resource
2025-07-14 08:56:42,416 [Worker-13: Building] INFO  o.e.m.c.i.embedder.EclipseLogger - Copying 0 resource
2025-07-14 08:56:42,418 [Worker-13: Building] INFO  o.e.m.c.i.embedder.EclipseLogger - Using 'UTF-8' encoding to copy filtered resources.
2025-07-14 08:56:42,418 [Worker-13: Building] INFO  o.e.m.c.i.embedder.EclipseLogger - Using 'UTF-8' encoding to copy filtered properties files.
2025-07-14 08:56:42,419 [Worker-13: Building] INFO  o.e.m.c.i.embedder.EclipseLogger - skip non existing resourceDirectory C:\Users\muruk\Documents\Desafio completo\Sistema_back\Sistema\src\test\resources
2025-07-14 09:18:31,085 [Worker-44: Building] INFO  o.e.m.c.i.embedder.EclipseLogger - Using 'UTF-8' encoding to copy filtered resources.
2025-07-14 09:18:31,085 [Worker-44: Building] INFO  o.e.m.c.i.embedder.EclipseLogger - Using 'UTF-8' encoding to copy filtered properties files.
2025-07-14 09:18:31,086 [Worker-44: Building] INFO  o.e.m.c.i.embedder.EclipseLogger - Copying 0 resource
2025-07-14 09:18:31,086 [Worker-44: Building] INFO  o.e.m.c.i.embedder.EclipseLogger - Copying 0 resource
2025-07-14 09:18:31,090 [Worker-44: Building] INFO  o.e.m.c.i.embedder.EclipseLogger - Using 'UTF-8' encoding to copy filtered resources.
2025-07-14 09:18:31,090 [Worker-44: Building] INFO  o.e.m.c.i.embedder.EclipseLogger - Using 'UTF-8' encoding to copy filtered properties files.
2025-07-14 09:18:31,090 [Worker-44: Building] INFO  o.e.m.c.i.embedder.EclipseLogger - skip non existing resourceDirectory C:\Users\muruk\Documents\Desafio completo\Sistema_back\Sistema\src\test\resources
2025-07-14 09:21:38,938 [Worker-30: Building] INFO  o.e.m.c.i.l.LifecycleMappingFactory - Using org.eclipse.m2e.jdt.JarLifecycleMapping lifecycle mapping for MavenProject: br.com.sistema:Sistema:0.0.1-SNAPSHOT @ C:\Users\muruk\Documents\Desafio completo\Sistema_back\Sistema\pom.xml.
2025-07-14 09:21:39,752 [Worker-30: Building] INFO  o.e.m.c.i.embedder.EclipseLogger - Using 'UTF-8' encoding to copy filtered resources.
2025-07-14 09:21:39,752 [Worker-30: Building] INFO  o.e.m.c.i.embedder.EclipseLogger - Using 'UTF-8' encoding to copy filtered properties files.
2025-07-14 09:21:39,759 [Worker-30: Building] INFO  o.e.m.c.i.embedder.EclipseLogger - Copying 0 resource
2025-07-14 09:21:39,760 [Worker-30: Building] INFO  o.e.m.c.i.embedder.EclipseLogger - Copying 0 resource
2025-07-14 09:21:39,766 [Worker-30: Building] INFO  o.e.m.c.i.embedder.EclipseLogger - Using 'UTF-8' encoding to copy filtered resources.
2025-07-14 09:21:39,767 [Worker-30: Building] INFO  o.e.m.c.i.embedder.EclipseLogger - Using 'UTF-8' encoding to copy filtered properties files.
2025-07-14 09:21:39,767 [Worker-30: Building] INFO  o.e.m.c.i.embedder.EclipseLogger - skip non existing resourceDirectory C:\Users\muruk\Documents\Desafio completo\Sistema_back\Sistema\src\test\resources
2025-07-14 09:21:41,226 [Worker-47: Building] INFO  o.e.m.c.i.embedder.EclipseLogger - Using 'UTF-8' encoding to copy filtered resources.
2025-07-14 09:21:41,226 [Worker-47: Building] INFO  o.e.m.c.i.embedder.EclipseLogger - Using 'UTF-8' encoding to copy filtered properties files.
2025-07-14 09:21:41,227 [Worker-47: Building] INFO  o.e.m.c.i.embedder.EclipseLogger - Copying 1 resource
2025-07-14 09:21:41,247 [Worker-47: Building] INFO  o.e.m.c.i.embedder.EclipseLogger - Copying 0 resource
2025-07-14 09:21:41,250 [Worker-47: Building] INFO  o.e.m.c.i.embedder.EclipseLogger - Using 'UTF-8' encoding to copy filtered resources.
2025-07-14 09:21:41,250 [Worker-47: Building] INFO  o.e.m.c.i.embedder.EclipseLogger - Using 'UTF-8' encoding to copy filtered properties files.
2025-07-14 09:21:41,250 [Worker-47: Building] INFO  o.e.m.c.i.embedder.EclipseLogger - skip non existing resourceDirectory C:\Users\muruk\Documents\Desafio completo\Sistema_back\Sistema\src\test\resources
2025-07-14 09:22:23,975 [Worker-34: Building] INFO  o.e.m.c.i.embedder.EclipseLogger - Using 'UTF-8' encoding to copy filtered resources.
2025-07-14 09:22:23,976 [Worker-34: Building] INFO  o.e.m.c.i.embedder.EclipseLogger - Using 'UTF-8' encoding to copy filtered properties files.
2025-07-14 09:22:23,976 [Worker-34: Building] INFO  o.e.m.c.i.embedder.EclipseLogger - Copying 1 resource
2025-07-14 09:22:23,979 [Worker-34: Building] INFO  o.e.m.c.i.embedder.EclipseLogger - Copying 0 resource
2025-07-14 09:22:23,985 [Worker-34: Building] INFO  o.e.m.c.i.embedder.EclipseLogger - Using 'UTF-8' encoding to copy filtered resources.
2025-07-14 09:22:23,985 [Worker-34: Building] INFO  o.e.m.c.i.embedder.EclipseLogger - Using 'UTF-8' encoding to copy filtered properties files.
2025-07-14 09:22:23,986 [Worker-34: Building] INFO  o.e.m.c.i.embedder.EclipseLogger - skip non existing resourceDirectory C:\Users\muruk\Documents\Desafio completo\Sistema_back\Sistema\src\test\resources
2025-07-14 09:23:31,526 [Worker-46: Building] INFO  o.e.m.c.i.embedder.EclipseLogger - Using 'UTF-8' encoding to copy filtered resources.
2025-07-14 09:23:31,526 [Worker-46: Building] INFO  o.e.m.c.i.embedder.EclipseLogger - Using 'UTF-8' encoding to copy filtered properties files.
2025-07-14 09:23:31,526 [Worker-46: Building] INFO  o.e.m.c.i.embedder.EclipseLogger - Copying 1 resource
2025-07-14 09:23:31,531 [Worker-46: Building] INFO  o.e.m.c.i.embedder.EclipseLogger - Copying 0 resource
2025-07-14 09:23:31,535 [Worker-46: Building] INFO  o.e.m.c.i.embedder.EclipseLogger - Using 'UTF-8' encoding to copy filtered resources.
2025-07-14 09:23:31,536 [Worker-46: Building] INFO  o.e.m.c.i.embedder.EclipseLogger - Using 'UTF-8' encoding to copy filtered properties files.
2025-07-14 09:23:31,536 [Worker-46: Building] INFO  o.e.m.c.i.embedder.EclipseLogger - skip non existing resourceDirectory C:\Users\muruk\Documents\Desafio completo\Sistema_back\Sistema\src\test\resources
2025-07-14 09:27:26,861 [Worker-34: Building] INFO  o.e.m.c.i.embedder.EclipseLogger - Using 'UTF-8' encoding to copy filtered resources.
2025-07-14 09:27:26,861 [Worker-34: Building] INFO  o.e.m.c.i.embedder.EclipseLogger - Using 'UTF-8' encoding to copy filtered properties files.
2025-07-14 09:27:26,862 [Worker-34: Building] INFO  o.e.m.c.i.embedder.EclipseLogger - Copying 1 resource
2025-07-14 09:27:26,865 [Worker-34: Building] INFO  o.e.m.c.i.embedder.EclipseLogger - Copying 0 resource
2025-07-14 09:27:26,870 [Worker-34: Building] INFO  o.e.m.c.i.embedder.EclipseLogger - Using 'UTF-8' encoding to copy filtered resources.
2025-07-14 09:27:26,870 [Worker-34: Building] INFO  o.e.m.c.i.embedder.EclipseLogger - Using 'UTF-8' encoding to copy filtered properties files.
2025-07-14 09:27:26,870 [Worker-34: Building] INFO  o.e.m.c.i.embedder.EclipseLogger - skip non existing resourceDirectory C:\Users\muruk\Documents\Desafio completo\Sistema_back\Sistema\src\test\resources
2025-07-14 09:27:28,771 [Worker-50: Building] INFO  o.e.m.c.i.embedder.EclipseLogger - Using 'UTF-8' encoding to copy filtered resources.
2025-07-14 09:27:28,771 [Worker-50: Building] INFO  o.e.m.c.i.embedder.EclipseLogger - Using 'UTF-8' encoding to copy filtered properties files.
2025-07-14 09:27:28,772 [Worker-50: Building] INFO  o.e.m.c.i.embedder.EclipseLogger - Copying 1 resource
2025-07-14 09:27:28,774 [Worker-50: Building] INFO  o.e.m.c.i.embedder.EclipseLogger - Copying 0 resource
2025-07-14 09:27:28,777 [Worker-50: Building] INFO  o.e.m.c.i.embedder.EclipseLogger - Using 'UTF-8' encoding to copy filtered resources.
2025-07-14 09:27:28,777 [Worker-50: Building] INFO  o.e.m.c.i.embedder.EclipseLogger - Using 'UTF-8' encoding to copy filtered properties files.
2025-07-14 09:27:28,777 [Worker-50: Building] INFO  o.e.m.c.i.embedder.EclipseLogger - skip non existing resourceDirectory C:\Users\muruk\Documents\Desafio completo\Sistema_back\Sistema\src\test\resources
2025-07-14 09:27:35,591 [Worker-30: Building] INFO  o.e.m.c.i.embedder.EclipseLogger - Using 'UTF-8' encoding to copy filtered resources.
2025-07-14 09:27:35,592 [Worker-30: Building] INFO  o.e.m.c.i.embedder.EclipseLogger - Using 'UTF-8' encoding to copy filtered properties files.
2025-07-14 09:27:35,592 [Worker-30: Building] INFO  o.e.m.c.i.embedder.EclipseLogger - Copying 1 resource
2025-07-14 09:27:35,608 [Worker-30: Building] INFO  o.e.m.c.i.embedder.EclipseLogger - Copying 0 resource
2025-07-14 09:27:35,612 [Worker-30: Building] INFO  o.e.m.c.i.embedder.EclipseLogger - Using 'UTF-8' encoding to copy filtered resources.
2025-07-14 09:27:35,612 [Worker-30: Building] INFO  o.e.m.c.i.embedder.EclipseLogger - Using 'UTF-8' encoding to copy filtered properties files.
2025-07-14 09:27:35,612 [Worker-30: Building] INFO  o.e.m.c.i.embedder.EclipseLogger - skip non existing resourceDirectory C:\Users\muruk\Documents\Desafio completo\Sistema_back\Sistema\src\test\resources
2025-07-14 09:27:43,477 [Worker-50: Building] INFO  o.e.m.c.i.embedder.EclipseLogger - Using 'UTF-8' encoding to copy filtered resources.
2025-07-14 09:27:43,477 [Worker-50: Building] INFO  o.e.m.c.i.embedder.EclipseLogger - Using 'UTF-8' encoding to copy filtered properties files.
2025-07-14 09:27:43,477 [Worker-50: Building] INFO  o.e.m.c.i.embedder.EclipseLogger - Copying 1 resource
2025-07-14 09:27:43,479 [Worker-50: Building] INFO  o.e.m.c.i.embedder.EclipseLogger - Copying 0 resource
2025-07-14 09:27:43,482 [Worker-50: Building] INFO  o.e.m.c.i.embedder.EclipseLogger - Using 'UTF-8' encoding to copy filtered resources.
2025-07-14 09:27:43,482 [Worker-50: Building] INFO  o.e.m.c.i.embedder.EclipseLogger - Using 'UTF-8' encoding to copy filtered properties files.
2025-07-14 09:27:43,482 [Worker-50: Building] INFO  o.e.m.c.i.embedder.EclipseLogger - skip non existing resourceDirectory C:\Users\muruk\Documents\Desafio completo\Sistema_back\Sistema\src\test\resources
2025-07-14 09:27:44,239 [Worker-52: Building] INFO  o.e.m.c.i.embedder.EclipseLogger - Using 'UTF-8' encoding to copy filtered resources.
2025-07-14 09:27:44,239 [Worker-52: Building] INFO  o.e.m.c.i.embedder.EclipseLogger - Using 'UTF-8' encoding to copy filtered properties files.
2025-07-14 09:27:44,239 [Worker-52: Building] INFO  o.e.m.c.i.embedder.EclipseLogger - Copying 1 resource
2025-07-14 09:27:44,242 [Worker-52: Building] INFO  o.e.m.c.i.embedder.EclipseLogger - Copying 0 resource
2025-07-14 09:27:44,245 [Worker-52: Building] INFO  o.e.m.c.i.embedder.EclipseLogger - Using 'UTF-8' encoding to copy filtered resources.
2025-07-14 09:27:44,246 [Worker-52: Building] INFO  o.e.m.c.i.embedder.EclipseLogger - Using 'UTF-8' encoding to copy filtered properties files.
2025-07-14 09:27:44,246 [Worker-52: Building] INFO  o.e.m.c.i.embedder.EclipseLogger - skip non existing resourceDirectory C:\Users\muruk\Documents\Desafio completo\Sistema_back\Sistema\src\test\resources
2025-07-14 09:28:32,040 [Worker-30: Building] INFO  o.e.m.c.i.embedder.EclipseLogger - Using 'UTF-8' encoding to copy filtered resources.
2025-07-14 09:28:32,040 [Worker-30: Building] INFO  o.e.m.c.i.embedder.EclipseLogger - Using 'UTF-8' encoding to copy filtered properties files.
2025-07-14 09:28:32,041 [Worker-30: Building] INFO  o.e.m.c.i.embedder.EclipseLogger - Copying 1 resource
2025-07-14 09:28:32,042 [Worker-30: Building] INFO  o.e.m.c.i.embedder.EclipseLogger - Copying 0 resource
2025-07-14 09:28:32,045 [Worker-30: Building] INFO  o.e.m.c.i.embedder.EclipseLogger - Using 'UTF-8' encoding to copy filtered resources.
2025-07-14 09:28:32,045 [Worker-30: Building] INFO  o.e.m.c.i.embedder.EclipseLogger - Using 'UTF-8' encoding to copy filtered properties files.
2025-07-14 09:28:32,046 [Worker-30: Building] INFO  o.e.m.c.i.embedder.EclipseLogger - skip non existing resourceDirectory C:\Users\muruk\Documents\Desafio completo\Sistema_back\Sistema\src\test\resources
2025-07-14 09:33:32,719 [Worker-46: Building] INFO  o.e.m.c.i.embedder.EclipseLogger - Using 'UTF-8' encoding to copy filtered resources.
2025-07-14 09:33:32,719 [Worker-46: Building] INFO  o.e.m.c.i.embedder.EclipseLogger - Using 'UTF-8' encoding to copy filtered properties files.
2025-07-14 09:33:32,719 [Worker-46: Building] INFO  o.e.m.c.i.embedder.EclipseLogger - Copying 1 resource
2025-07-14 09:33:32,719 [Worker-46: Building] INFO  o.e.m.c.i.embedder.EclipseLogger - Copying 0 resource
2025-07-14 09:33:32,727 [Worker-46: Building] INFO  o.e.m.c.i.embedder.EclipseLogger - Using 'UTF-8' encoding to copy filtered resources.
2025-07-14 09:33:32,727 [Worker-46: Building] INFO  o.e.m.c.i.embedder.EclipseLogger - Using 'UTF-8' encoding to copy filtered properties files.
2025-07-14 09:33:32,728 [Worker-46: Building] INFO  o.e.m.c.i.embedder.EclipseLogger - skip non existing resourceDirectory C:\Users\muruk\Documents\Desafio completo\Sistema_back\Sistema\src\test\resources
2025-07-14 09:38:00,039 [Worker-50: Updating Maven Project] INFO  o.e.m.c.i.p.ProjectConfigurationManager - Update started
2025-07-14 09:38:00,237 [Worker-50: Updating Maven Project] INFO  o.e.m.c.i.l.LifecycleMappingFactory - Using org.eclipse.m2e.jdt.JarLifecycleMapping lifecycle mapping for MavenProject: br.com.sistema:Sistema:0.0.1-SNAPSHOT @ C:\Users\muruk\Documents\Desafio completo\Sistema_back\Sistema\pom.xml.
2025-07-14 09:38:00,646 [Worker-50: Updating Maven Project] INFO  o.e.m.j.i.AbstractJavaProjectConfigurator - Adding source folder /Sistema/src/main/java
2025-07-14 09:38:00,647 [Worker-50: Updating Maven Project] INFO  o.e.m.j.i.AbstractJavaProjectConfigurator - Adding resource folder /Sistema/src/main/resources
2025-07-14 09:38:00,648 [Worker-50: Updating Maven Project] INFO  o.e.m.j.i.AbstractJavaProjectConfigurator - Adding resource folder /Sistema/src/main/resources
2025-07-14 09:38:00,648 [Worker-50: Updating Maven Project] INFO  o.e.m.j.i.AbstractJavaProjectConfigurator - Adding source folder /Sistema/src/test/java
2025-07-14 09:38:00,649 [Worker-50: Updating Maven Project] INFO  o.e.m.j.i.AbstractJavaProjectConfigurator - Adding resource folder /Sistema/src/test/resources
2025-07-14 09:38:00,941 [Worker-50: Updating Maven Project] INFO  o.e.m.c.i.p.ProjectConfigurationManager - Update completed for 1 poms: local refresh takes 0,00 sec, refresh facades takes 0,00 sec, update config takes 0,00 sec 
2025-07-14 09:38:01,515 [Worker-46: Building] INFO  o.e.m.c.i.embedder.EclipseLogger - Using 'UTF-8' encoding to copy filtered resources.
2025-07-14 09:38:01,515 [Worker-46: Building] INFO  o.e.m.c.i.embedder.EclipseLogger - Using 'UTF-8' encoding to copy filtered properties files.
2025-07-14 09:38:01,516 [Worker-46: Building] INFO  o.e.m.c.i.embedder.EclipseLogger - Copying 1 resource
2025-07-14 09:38:01,544 [Worker-46: Building] INFO  o.e.m.c.i.embedder.EclipseLogger - Copying 0 resource
2025-07-14 09:38:01,550 [Worker-46: Building] INFO  o.e.m.c.i.embedder.EclipseLogger - Using 'UTF-8' encoding to copy filtered resources.
2025-07-14 09:38:01,551 [Worker-46: Building] INFO  o.e.m.c.i.embedder.EclipseLogger - Using 'UTF-8' encoding to copy filtered properties files.
2025-07-14 09:38:01,551 [Worker-46: Building] INFO  o.e.m.c.i.embedder.EclipseLogger - skip non existing resourceDirectory C:\Users\muruk\Documents\Desafio completo\Sistema_back\Sistema\src\test\resources
2025-07-14 09:38:02,030 [Worker-34: Building] INFO  o.e.m.c.i.embedder.EclipseLogger - Using 'UTF-8' encoding to copy filtered resources.
2025-07-14 09:38:02,031 [Worker-34: Building] INFO  o.e.m.c.i.embedder.EclipseLogger - Using 'UTF-8' encoding to copy filtered properties files.
2025-07-14 09:38:02,031 [Worker-34: Building] INFO  o.e.m.c.i.embedder.EclipseLogger - Copying 1 resource
2025-07-14 09:38:02,032 [Worker-34: Building] INFO  o.e.m.c.i.embedder.EclipseLogger - Copying 0 resource
2025-07-14 09:38:02,034 [Worker-34: Building] INFO  o.e.m.c.i.embedder.EclipseLogger - Using 'UTF-8' encoding to copy filtered resources.
2025-07-14 09:38:02,035 [Worker-34: Building] INFO  o.e.m.c.i.embedder.EclipseLogger - Using 'UTF-8' encoding to copy filtered properties files.
2025-07-14 09:38:02,035 [Worker-34: Building] INFO  o.e.m.c.i.embedder.EclipseLogger - skip non existing resourceDirectory C:\Users\muruk\Documents\Desafio completo\Sistema_back\Sistema\src\test\resources
2025-07-14 09:38:33,146 [Worker-53: Building] INFO  o.e.m.c.i.embedder.EclipseLogger - Using 'UTF-8' encoding to copy filtered resources.
2025-07-14 09:38:33,147 [Worker-53: Building] INFO  o.e.m.c.i.embedder.EclipseLogger - Using 'UTF-8' encoding to copy filtered properties files.
2025-07-14 09:38:33,147 [Worker-53: Building] INFO  o.e.m.c.i.embedder.EclipseLogger - Copying 1 resource
2025-07-14 09:38:33,149 [Worker-53: Building] INFO  o.e.m.c.i.embedder.EclipseLogger - Copying 0 resource
2025-07-14 09:38:33,151 [Worker-53: Building] INFO  o.e.m.c.i.embedder.EclipseLogger - Using 'UTF-8' encoding to copy filtered resources.
2025-07-14 09:38:33,151 [Worker-53: Building] INFO  o.e.m.c.i.embedder.EclipseLogger - Using 'UTF-8' encoding to copy filtered properties files.
2025-07-14 09:38:33,151 [Worker-53: Building] INFO  o.e.m.c.i.embedder.EclipseLogger - skip non existing resourceDirectory C:\Users\muruk\Documents\Desafio completo\Sistema_back\Sistema\src\test\resources
2025-07-14 09:39:09,391 [Worker-53: Building] INFO  o.e.m.c.i.embedder.EclipseLogger - Using 'UTF-8' encoding to copy filtered resources.
2025-07-14 09:39:09,392 [Worker-53: Building] INFO  o.e.m.c.i.embedder.EclipseLogger - Using 'UTF-8' encoding to copy filtered properties files.
2025-07-14 09:39:09,392 [Worker-53: Building] INFO  o.e.m.c.i.embedder.EclipseLogger - Copying 1 resource
2025-07-14 09:39:09,394 [Worker-53: Building] INFO  o.e.m.c.i.embedder.EclipseLogger - Copying 0 resource
2025-07-14 09:39:09,397 [Worker-53: Building] INFO  o.e.m.c.i.embedder.EclipseLogger - Using 'UTF-8' encoding to copy filtered resources.
2025-07-14 09:39:09,397 [Worker-53: Building] INFO  o.e.m.c.i.embedder.EclipseLogger - Using 'UTF-8' encoding to copy filtered properties files.
2025-07-14 09:39:09,397 [Worker-53: Building] INFO  o.e.m.c.i.embedder.EclipseLogger - skip non existing resourceDirectory C:\Users\muruk\Documents\Desafio completo\Sistema_back\Sistema\src\test\resources
2025-07-14 09:41:46,639 [Worker-46: Building] INFO  o.e.m.c.i.embedder.EclipseLogger - Using 'UTF-8' encoding to copy filtered resources.
2025-07-14 09:41:46,639 [Worker-46: Building] INFO  o.e.m.c.i.embedder.EclipseLogger - Using 'UTF-8' encoding to copy filtered properties files.
2025-07-14 09:41:46,640 [Worker-46: Building] INFO  o.e.m.c.i.embedder.EclipseLogger - Copying 1 resource
2025-07-14 09:41:46,641 [Worker-46: Building] INFO  o.e.m.c.i.embedder.EclipseLogger - Copying 0 resource
2025-07-14 09:41:46,644 [Worker-46: Building] INFO  o.e.m.c.i.embedder.EclipseLogger - Using 'UTF-8' encoding to copy filtered resources.
2025-07-14 09:41:46,644 [Worker-46: Building] INFO  o.e.m.c.i.embedder.EclipseLogger - Using 'UTF-8' encoding to copy filtered properties files.
2025-07-14 09:41:46,644 [Worker-46: Building] INFO  o.e.m.c.i.embedder.EclipseLogger - skip non existing resourceDirectory C:\Users\muruk\Documents\Desafio completo\Sistema_back\Sistema\src\test\resources
2025-07-14 09:43:33,709 [Worker-53: Building] INFO  o.e.m.c.i.embedder.EclipseLogger - Using 'UTF-8' encoding to copy filtered resources.
2025-07-14 09:43:33,709 [Worker-53: Building] INFO  o.e.m.c.i.embedder.EclipseLogger - Using 'UTF-8' encoding to copy filtered properties files.
2025-07-14 09:43:33,709 [Worker-53: Building] INFO  o.e.m.c.i.embedder.EclipseLogger - Copying 1 resource
2025-07-14 09:43:33,716 [Worker-53: Building] INFO  o.e.m.c.i.embedder.EclipseLogger - Copying 0 resource
2025-07-14 09:43:33,724 [Worker-53: Building] INFO  o.e.m.c.i.embedder.EclipseLogger - Using 'UTF-8' encoding to copy filtered resources.
2025-07-14 09:43:33,724 [Worker-53: Building] INFO  o.e.m.c.i.embedder.EclipseLogger - Using 'UTF-8' encoding to copy filtered properties files.
2025-07-14 09:43:33,724 [Worker-53: Building] INFO  o.e.m.c.i.embedder.EclipseLogger - skip non existing resourceDirectory C:\Users\muruk\Documents\Desafio completo\Sistema_back\Sistema\src\test\resources
2025-07-14 09:47:43,600 [Worker-54: Building] INFO  o.e.m.c.i.embedder.EclipseLogger - Using 'UTF-8' encoding to copy filtered resources.
2025-07-14 09:47:43,600 [Worker-54: Building] INFO  o.e.m.c.i.embedder.EclipseLogger - Using 'UTF-8' encoding to copy filtered properties files.
2025-07-14 09:47:43,600 [Worker-54: Building] INFO  o.e.m.c.i.embedder.EclipseLogger - Copying 1 resource
2025-07-14 09:47:43,602 [Worker-54: Building] INFO  o.e.m.c.i.embedder.EclipseLogger - Copying 0 resource
2025-07-14 09:47:43,604 [Worker-54: Building] INFO  o.e.m.c.i.embedder.EclipseLogger - Using 'UTF-8' encoding to copy filtered resources.
2025-07-14 09:47:43,604 [Worker-54: Building] INFO  o.e.m.c.i.embedder.EclipseLogger - Using 'UTF-8' encoding to copy filtered properties files.
2025-07-14 09:47:43,604 [Worker-54: Building] INFO  o.e.m.c.i.embedder.EclipseLogger - skip non existing resourceDirectory C:\Users\muruk\Documents\Desafio completo\Sistema_back\Sistema\src\test\resources
2025-07-14 09:47:44,304 [Worker-58: Building] INFO  o.e.m.c.i.embedder.EclipseLogger - Using 'UTF-8' encoding to copy filtered resources.
2025-07-14 09:47:44,305 [Worker-58: Building] INFO  o.e.m.c.i.embedder.EclipseLogger - Using 'UTF-8' encoding to copy filtered properties files.
2025-07-14 09:47:44,305 [Worker-58: Building] INFO  o.e.m.c.i.embedder.EclipseLogger - Copying 1 resource
2025-07-14 09:47:44,308 [Worker-58: Building] INFO  o.e.m.c.i.embedder.EclipseLogger - Copying 0 resource
2025-07-14 09:47:44,313 [Worker-58: Building] INFO  o.e.m.c.i.embedder.EclipseLogger - Using 'UTF-8' encoding to copy filtered resources.
2025-07-14 09:47:44,313 [Worker-58: Building] INFO  o.e.m.c.i.embedder.EclipseLogger - Using 'UTF-8' encoding to copy filtered properties files.
2025-07-14 09:47:44,313 [Worker-58: Building] INFO  o.e.m.c.i.embedder.EclipseLogger - skip non existing resourceDirectory C:\Users\muruk\Documents\Desafio completo\Sistema_back\Sistema\src\test\resources
2025-07-14 09:47:48,866 [Worker-54: Building] INFO  o.e.m.c.i.embedder.EclipseLogger - Using 'UTF-8' encoding to copy filtered resources.
2025-07-14 09:47:48,866 [Worker-54: Building] INFO  o.e.m.c.i.embedder.EclipseLogger - Using 'UTF-8' encoding to copy filtered properties files.
2025-07-14 09:47:48,866 [Worker-54: Building] INFO  o.e.m.c.i.embedder.EclipseLogger - Copying 1 resource
2025-07-14 09:47:48,867 [Worker-54: Building] INFO  o.e.m.c.i.embedder.EclipseLogger - Copying 0 resource
2025-07-14 09:47:48,870 [Worker-54: Building] INFO  o.e.m.c.i.embedder.EclipseLogger - Using 'UTF-8' encoding to copy filtered resources.
2025-07-14 09:47:48,870 [Worker-54: Building] INFO  o.e.m.c.i.embedder.EclipseLogger - Using 'UTF-8' encoding to copy filtered properties files.
2025-07-14 09:47:48,870 [Worker-54: Building] INFO  o.e.m.c.i.embedder.EclipseLogger - skip non existing resourceDirectory C:\Users\muruk\Documents\Desafio completo\Sistema_back\Sistema\src\test\resources
2025-07-14 09:48:34,288 [Worker-56: Building] INFO  o.e.m.c.i.embedder.EclipseLogger - Using 'UTF-8' encoding to copy filtered resources.
2025-07-14 09:48:34,288 [Worker-56: Building] INFO  o.e.m.c.i.embedder.EclipseLogger - Using 'UTF-8' encoding to copy filtered properties files.
2025-07-14 09:48:34,289 [Worker-56: Building] INFO  o.e.m.c.i.embedder.EclipseLogger - Copying 1 resource
2025-07-14 09:48:34,291 [Worker-56: Building] INFO  o.e.m.c.i.embedder.EclipseLogger - Copying 0 resource
2025-07-14 09:48:34,295 [Worker-56: Building] INFO  o.e.m.c.i.embedder.EclipseLogger - Using 'UTF-8' encoding to copy filtered resources.
2025-07-14 09:48:34,295 [Worker-56: Building] INFO  o.e.m.c.i.embedder.EclipseLogger - Using 'UTF-8' encoding to copy filtered properties files.
2025-07-14 09:48:34,296 [Worker-56: Building] INFO  o.e.m.c.i.embedder.EclipseLogger - skip non existing resourceDirectory C:\Users\muruk\Documents\Desafio completo\Sistema_back\Sistema\src\test\resources
2025-07-14 09:53:34,991 [Worker-58: Building] INFO  o.e.m.c.i.embedder.EclipseLogger - Using 'UTF-8' encoding to copy filtered resources.
2025-07-14 09:53:34,991 [Worker-58: Building] INFO  o.e.m.c.i.embedder.EclipseLogger - Using 'UTF-8' encoding to copy filtered properties files.
2025-07-14 09:53:34,992 [Worker-58: Building] INFO  o.e.m.c.i.embedder.EclipseLogger - Copying 1 resource
2025-07-14 09:53:34,994 [Worker-58: Building] INFO  o.e.m.c.i.embedder.EclipseLogger - Copying 0 resource
2025-07-14 09:53:34,997 [Worker-58: Building] INFO  o.e.m.c.i.embedder.EclipseLogger - Using 'UTF-8' encoding to copy filtered resources.
2025-07-14 09:53:34,997 [Worker-58: Building] INFO  o.e.m.c.i.embedder.EclipseLogger - Using 'UTF-8' encoding to copy filtered properties files.
2025-07-14 09:53:34,997 [Worker-58: Building] INFO  o.e.m.c.i.embedder.EclipseLogger - skip non existing resourceDirectory C:\Users\muruk\Documents\Desafio completo\Sistema_back\Sistema\src\test\resources
2025-07-14 09:54:49,383 [Worker-57: Building] INFO  o.e.m.c.i.embedder.EclipseLogger - Using 'UTF-8' encoding to copy filtered resources.
2025-07-14 09:54:49,383 [Worker-57: Building] INFO  o.e.m.c.i.embedder.EclipseLogger - Using 'UTF-8' encoding to copy filtered properties files.
2025-07-14 09:54:49,384 [Worker-57: Building] INFO  o.e.m.c.i.embedder.EclipseLogger - Copying 1 resource
2025-07-14 09:54:49,387 [Worker-57: Building] INFO  o.e.m.c.i.embedder.EclipseLogger - Copying 0 resource
2025-07-14 09:54:49,391 [Worker-57: Building] INFO  o.e.m.c.i.embedder.EclipseLogger - Using 'UTF-8' encoding to copy filtered resources.
2025-07-14 09:54:49,391 [Worker-57: Building] INFO  o.e.m.c.i.embedder.EclipseLogger - Using 'UTF-8' encoding to copy filtered properties files.
2025-07-14 09:54:49,391 [Worker-57: Building] INFO  o.e.m.c.i.embedder.EclipseLogger - skip non existing resourceDirectory C:\Users\muruk\Documents\Desafio completo\Sistema_back\Sistema\src\test\resources
2025-07-14 09:54:49,904 [Worker-59: Building] INFO  o.e.m.c.i.embedder.EclipseLogger - Using 'UTF-8' encoding to copy filtered resources.
2025-07-14 09:54:49,904 [Worker-59: Building] INFO  o.e.m.c.i.embedder.EclipseLogger - Using 'UTF-8' encoding to copy filtered properties files.
2025-07-14 09:54:49,905 [Worker-59: Building] INFO  o.e.m.c.i.embedder.EclipseLogger - Copying 1 resource
2025-07-14 09:54:49,906 [Worker-59: Building] INFO  o.e.m.c.i.embedder.EclipseLogger - Copying 0 resource
2025-07-14 09:54:49,909 [Worker-59: Building] INFO  o.e.m.c.i.embedder.EclipseLogger - Using 'UTF-8' encoding to copy filtered resources.
2025-07-14 09:54:49,909 [Worker-59: Building] INFO  o.e.m.c.i.embedder.EclipseLogger - Using 'UTF-8' encoding to copy filtered properties files.
2025-07-14 09:54:49,910 [Worker-59: Building] INFO  o.e.m.c.i.embedder.EclipseLogger - skip non existing resourceDirectory C:\Users\muruk\Documents\Desafio completo\Sistema_back\Sistema\src\test\resources
2025-07-14 09:54:52,418 [Worker-57: Building] INFO  o.e.m.c.i.embedder.EclipseLogger - Using 'UTF-8' encoding to copy filtered resources.
2025-07-14 09:54:52,418 [Worker-57: Building] INFO  o.e.m.c.i.embedder.EclipseLogger - Using 'UTF-8' encoding to copy filtered properties files.
2025-07-14 09:54:52,418 [Worker-57: Building] INFO  o.e.m.c.i.embedder.EclipseLogger - Copying 1 resource
2025-07-14 09:54:52,420 [Worker-57: Building] INFO  o.e.m.c.i.embedder.EclipseLogger - Copying 0 resource
2025-07-14 09:54:52,422 [Worker-57: Building] INFO  o.e.m.c.i.embedder.EclipseLogger - Using 'UTF-8' encoding to copy filtered resources.
2025-07-14 09:54:52,423 [Worker-57: Building] INFO  o.e.m.c.i.embedder.EclipseLogger - Using 'UTF-8' encoding to copy filtered properties files.
2025-07-14 09:54:52,423 [Worker-57: Building] INFO  o.e.m.c.i.embedder.EclipseLogger - skip non existing resourceDirectory C:\Users\muruk\Documents\Desafio completo\Sistema_back\Sistema\src\test\resources
2025-07-14 09:54:53,572 [Worker-50: Building] INFO  o.e.m.c.i.embedder.EclipseLogger - Using 'UTF-8' encoding to copy filtered resources.
2025-07-14 09:54:53,572 [Worker-50: Building] INFO  o.e.m.c.i.embedder.EclipseLogger - Using 'UTF-8' encoding to copy filtered properties files.
2025-07-14 09:54:53,572 [Worker-50: Building] INFO  o.e.m.c.i.embedder.EclipseLogger - Copying 1 resource
2025-07-14 09:54:53,574 [Worker-50: Building] INFO  o.e.m.c.i.embedder.EclipseLogger - Copying 0 resource
2025-07-14 09:54:53,578 [Worker-50: Building] INFO  o.e.m.c.i.embedder.EclipseLogger - Using 'UTF-8' encoding to copy filtered resources.
2025-07-14 09:54:53,579 [Worker-50: Building] INFO  o.e.m.c.i.embedder.EclipseLogger - Using 'UTF-8' encoding to copy filtered properties files.
2025-07-14 09:54:53,579 [Worker-50: Building] INFO  o.e.m.c.i.embedder.EclipseLogger - skip non existing resourceDirectory C:\Users\muruk\Documents\Desafio completo\Sistema_back\Sistema\src\test\resources
2025-07-14 09:54:56,066 [Worker-60: Building] INFO  o.e.m.c.i.l.LifecycleMappingFactory - Using org.eclipse.m2e.jdt.JarLifecycleMapping lifecycle mapping for MavenProject: br.com.sistema:Sistema:0.0.1-SNAPSHOT @ C:\Users\muruk\Documents\Desafio completo\Sistema_back\Sistema\pom.xml.
2025-07-14 09:54:56,620 [Worker-60: Building] INFO  o.e.m.c.i.e.AbstractTransferListenerAdapter - Downloading https://repo.maven.apache.org/maven2/org/mockito/mockito-junit-jupiter/4.11.0/mockito-junit-jupiter-4.11.0.pom
2025-07-14 09:54:56,639 [Worker-60: Building] INFO  o.e.m.c.i.e.AbstractTransferListenerAdapter - Downloaded https://repo.maven.apache.org/maven2/org/mockito/mockito-junit-jupiter/4.11.0/mockito-junit-jupiter-4.11.0.pom
2025-07-14 09:54:56,745 [Worker-60: Building] INFO  o.e.m.c.i.e.AbstractTransferListenerAdapter - Downloading https://repo.maven.apache.org/maven2/org/mockito/mockito-junit-jupiter/4.11.0/mockito-junit-jupiter-4.11.0.jar
2025-07-14 09:54:56,757 [Worker-60: Building] INFO  o.e.m.c.i.e.AbstractTransferListenerAdapter - Downloaded https://repo.maven.apache.org/maven2/org/mockito/mockito-junit-jupiter/4.11.0/mockito-junit-jupiter-4.11.0.jar
2025-07-14 09:54:57,144 [Worker-60: Building] INFO  o.e.m.c.i.embedder.EclipseLogger - Using 'UTF-8' encoding to copy filtered resources.
2025-07-14 09:54:57,144 [Worker-60: Building] INFO  o.e.m.c.i.embedder.EclipseLogger - Using 'UTF-8' encoding to copy filtered properties files.
2025-07-14 09:54:57,145 [Worker-60: Building] INFO  o.e.m.c.i.embedder.EclipseLogger - Copying 1 resource
2025-07-14 09:54:57,173 [Worker-60: Building] INFO  o.e.m.c.i.embedder.EclipseLogger - Copying 0 resource
2025-07-14 09:54:57,179 [Worker-60: Building] INFO  o.e.m.c.i.embedder.EclipseLogger - Using 'UTF-8' encoding to copy filtered resources.
2025-07-14 09:54:57,179 [Worker-60: Building] INFO  o.e.m.c.i.embedder.EclipseLogger - Using 'UTF-8' encoding to copy filtered properties files.
2025-07-14 09:54:57,179 [Worker-60: Building] INFO  o.e.m.c.i.embedder.EclipseLogger - skip non existing resourceDirectory C:\Users\muruk\Documents\Desafio completo\Sistema_back\Sistema\src\test\resources
2025-07-14 09:54:58,005 [Worker-60: Download sources and javadoc] INFO  o.e.m.c.i.e.AbstractTransferListenerAdapter - Downloading https://repo.maven.apache.org/maven2/org/mockito/mockito-junit-jupiter/4.11.0/mockito-junit-jupiter-4.11.0-sources.jar
2025-07-14 09:54:58,016 [Worker-60: Download sources and javadoc] INFO  o.e.m.c.i.e.AbstractTransferListenerAdapter - Downloaded https://repo.maven.apache.org/maven2/org/mockito/mockito-junit-jupiter/4.11.0/mockito-junit-jupiter-4.11.0-sources.jar
2025-07-14 09:54:58,029 [Worker-60: Download sources and javadoc] INFO  o.e.m.j.internal.DownloadSourcesJob - Downloaded sources for org.mockito:mockito-junit-jupiter:4.11.0
2025-07-14 09:54:59,069 [Worker-50: Building] INFO  o.e.m.c.i.embedder.EclipseLogger - Using 'UTF-8' encoding to copy filtered resources.
2025-07-14 09:54:59,069 [Worker-50: Building] INFO  o.e.m.c.i.embedder.EclipseLogger - Using 'UTF-8' encoding to copy filtered properties files.
2025-07-14 09:54:59,069 [Worker-50: Building] INFO  o.e.m.c.i.embedder.EclipseLogger - Copying 1 resource
2025-07-14 09:54:59,071 [Worker-50: Building] INFO  o.e.m.c.i.embedder.EclipseLogger - Copying 0 resource
2025-07-14 09:54:59,073 [Worker-50: Building] INFO  o.e.m.c.i.embedder.EclipseLogger - Using 'UTF-8' encoding to copy filtered resources.
2025-07-14 09:54:59,073 [Worker-50: Building] INFO  o.e.m.c.i.embedder.EclipseLogger - Using 'UTF-8' encoding to copy filtered properties files.
2025-07-14 09:54:59,073 [Worker-50: Building] INFO  o.e.m.c.i.embedder.EclipseLogger - skip non existing resourceDirectory C:\Users\muruk\Documents\Desafio completo\Sistema_back\Sistema\src\test\resources
2025-07-14 09:54:59,774 [Worker-63: Building] INFO  o.e.m.c.i.embedder.EclipseLogger - Using 'UTF-8' encoding to copy filtered resources.
2025-07-14 09:54:59,774 [Worker-63: Building] INFO  o.e.m.c.i.embedder.EclipseLogger - Using 'UTF-8' encoding to copy filtered properties files.
2025-07-14 09:54:59,775 [Worker-63: Building] INFO  o.e.m.c.i.embedder.EclipseLogger - Copying 1 resource
2025-07-14 09:54:59,779 [Worker-63: Building] INFO  o.e.m.c.i.embedder.EclipseLogger - Copying 0 resource
2025-07-14 09:54:59,785 [Worker-63: Building] INFO  o.e.m.c.i.embedder.EclipseLogger - Using 'UTF-8' encoding to copy filtered resources.
2025-07-14 09:54:59,785 [Worker-63: Building] INFO  o.e.m.c.i.embedder.EclipseLogger - Using 'UTF-8' encoding to copy filtered properties files.
2025-07-14 09:54:59,786 [Worker-63: Building] INFO  o.e.m.c.i.embedder.EclipseLogger - skip non existing resourceDirectory C:\Users\muruk\Documents\Desafio completo\Sistema_back\Sistema\src\test\resources
2025-07-14 09:55:00,175 [Worker-50: Building] INFO  o.e.m.c.i.embedder.EclipseLogger - Using 'UTF-8' encoding to copy filtered resources.
2025-07-14 09:55:00,175 [Worker-50: Building] INFO  o.e.m.c.i.embedder.EclipseLogger - Using 'UTF-8' encoding to copy filtered properties files.
2025-07-14 09:55:00,176 [Worker-50: Building] INFO  o.e.m.c.i.embedder.EclipseLogger - Copying 1 resource
2025-07-14 09:55:00,177 [Worker-50: Building] INFO  o.e.m.c.i.embedder.EclipseLogger - Copying 0 resource
2025-07-14 09:55:00,179 [Worker-50: Building] INFO  o.e.m.c.i.embedder.EclipseLogger - Using 'UTF-8' encoding to copy filtered resources.
2025-07-14 09:55:00,179 [Worker-50: Building] INFO  o.e.m.c.i.embedder.EclipseLogger - Using 'UTF-8' encoding to copy filtered properties files.
2025-07-14 09:55:00,179 [Worker-50: Building] INFO  o.e.m.c.i.embedder.EclipseLogger - skip non existing resourceDirectory C:\Users\muruk\Documents\Desafio completo\Sistema_back\Sistema\src\test\resources
2025-07-14 09:55:41,772 [Worker-59: Building] INFO  o.e.m.c.i.embedder.EclipseLogger - Using 'UTF-8' encoding to copy filtered resources.
2025-07-14 09:55:41,773 [Worker-59: Building] INFO  o.e.m.c.i.embedder.EclipseLogger - Using 'UTF-8' encoding to copy filtered properties files.
2025-07-14 09:55:41,773 [Worker-59: Building] INFO  o.e.m.c.i.embedder.EclipseLogger - Copying 1 resource
2025-07-14 09:55:41,775 [Worker-59: Building] INFO  o.e.m.c.i.embedder.EclipseLogger - Copying 0 resource
2025-07-14 09:55:41,777 [Worker-59: Building] INFO  o.e.m.c.i.embedder.EclipseLogger - Using 'UTF-8' encoding to copy filtered resources.
2025-07-14 09:55:41,777 [Worker-59: Building] INFO  o.e.m.c.i.embedder.EclipseLogger - Using 'UTF-8' encoding to copy filtered properties files.
2025-07-14 09:55:41,777 [Worker-59: Building] INFO  o.e.m.c.i.embedder.EclipseLogger - skip non existing resourceDirectory C:\Users\muruk\Documents\Desafio completo\Sistema_back\Sistema\src\test\resources
2025-07-14 09:55:46,234 [Worker-60: Building] INFO  o.e.m.c.i.l.LifecycleMappingFactory - Using org.eclipse.m2e.jdt.JarLifecycleMapping lifecycle mapping for MavenProject: br.com.sistema:Sistema:0.0.1-SNAPSHOT @ C:\Users\muruk\Documents\Desafio completo\Sistema_back\Sistema\pom.xml.
2025-07-14 09:55:46,642 [Worker-60: Building] INFO  o.e.m.c.i.embedder.EclipseLogger - Using 'UTF-8' encoding to copy filtered resources.
2025-07-14 09:55:46,642 [Worker-60: Building] INFO  o.e.m.c.i.embedder.EclipseLogger - Using 'UTF-8' encoding to copy filtered properties files.
2025-07-14 09:55:46,642 [Worker-60: Building] INFO  o.e.m.c.i.embedder.EclipseLogger - Copying 1 resource
2025-07-14 09:55:46,652 [Worker-60: Building] INFO  o.e.m.c.i.embedder.EclipseLogger - Copying 0 resource
2025-07-14 09:55:46,655 [Worker-60: Building] INFO  o.e.m.c.i.embedder.EclipseLogger - Using 'UTF-8' encoding to copy filtered resources.
2025-07-14 09:55:46,656 [Worker-60: Building] INFO  o.e.m.c.i.embedder.EclipseLogger - Using 'UTF-8' encoding to copy filtered properties files.
2025-07-14 09:55:46,656 [Worker-60: Building] INFO  o.e.m.c.i.embedder.EclipseLogger - skip non existing resourceDirectory C:\Users\muruk\Documents\Desafio completo\Sistema_back\Sistema\src\test\resources
2025-07-14 09:55:47,705 [Worker-61: Building] INFO  o.e.m.c.i.embedder.EclipseLogger - Using 'UTF-8' encoding to copy filtered resources.
2025-07-14 09:55:47,705 [Worker-61: Building] INFO  o.e.m.c.i.embedder.EclipseLogger - Using 'UTF-8' encoding to copy filtered properties files.
2025-07-14 09:55:47,706 [Worker-61: Building] INFO  o.e.m.c.i.embedder.EclipseLogger - Copying 1 resource
2025-07-14 09:55:47,707 [Worker-61: Building] INFO  o.e.m.c.i.embedder.EclipseLogger - Copying 0 resource
2025-07-14 09:55:47,710 [Worker-61: Building] INFO  o.e.m.c.i.embedder.EclipseLogger - Using 'UTF-8' encoding to copy filtered resources.
2025-07-14 09:55:47,710 [Worker-61: Building] INFO  o.e.m.c.i.embedder.EclipseLogger - Using 'UTF-8' encoding to copy filtered properties files.
2025-07-14 09:55:47,710 [Worker-61: Building] INFO  o.e.m.c.i.embedder.EclipseLogger - skip non existing resourceDirectory C:\Users\muruk\Documents\Desafio completo\Sistema_back\Sistema\src\test\resources
2025-07-14 09:55:48,090 [Worker-50: Building] INFO  o.e.m.c.i.embedder.EclipseLogger - Using 'UTF-8' encoding to copy filtered resources.
2025-07-14 09:55:48,090 [Worker-50: Building] INFO  o.e.m.c.i.embedder.EclipseLogger - Using 'UTF-8' encoding to copy filtered properties files.
2025-07-14 09:55:48,090 [Worker-50: Building] INFO  o.e.m.c.i.embedder.EclipseLogger - Copying 1 resource
2025-07-14 09:55:48,093 [Worker-50: Building] INFO  o.e.m.c.i.embedder.EclipseLogger - Copying 0 resource
2025-07-14 09:55:48,097 [Worker-50: Building] INFO  o.e.m.c.i.embedder.EclipseLogger - Using 'UTF-8' encoding to copy filtered resources.
2025-07-14 09:55:48,098 [Worker-50: Building] INFO  o.e.m.c.i.embedder.EclipseLogger - Using 'UTF-8' encoding to copy filtered properties files.
2025-07-14 09:55:48,098 [Worker-50: Building] INFO  o.e.m.c.i.embedder.EclipseLogger - skip non existing resourceDirectory C:\Users\muruk\Documents\Desafio completo\Sistema_back\Sistema\src\test\resources
2025-07-14 09:55:48,615 [Worker-57: Building] INFO  o.e.m.c.i.embedder.EclipseLogger - Using 'UTF-8' encoding to copy filtered resources.
2025-07-14 09:55:48,615 [Worker-57: Building] INFO  o.e.m.c.i.embedder.EclipseLogger - Using 'UTF-8' encoding to copy filtered properties files.
2025-07-14 09:55:48,616 [Worker-57: Building] INFO  o.e.m.c.i.embedder.EclipseLogger - Copying 1 resource
2025-07-14 09:55:48,618 [Worker-57: Building] INFO  o.e.m.c.i.embedder.EclipseLogger - Copying 0 resource
2025-07-14 09:55:48,622 [Worker-57: Building] INFO  o.e.m.c.i.embedder.EclipseLogger - Using 'UTF-8' encoding to copy filtered resources.
2025-07-14 09:55:48,622 [Worker-57: Building] INFO  o.e.m.c.i.embedder.EclipseLogger - Using 'UTF-8' encoding to copy filtered properties files.
2025-07-14 09:55:48,622 [Worker-57: Building] INFO  o.e.m.c.i.embedder.EclipseLogger - skip non existing resourceDirectory C:\Users\muruk\Documents\Desafio completo\Sistema_back\Sistema\src\test\resources
2025-07-14 09:56:14,763 [Worker-57: Building] INFO  o.e.m.c.i.embedder.EclipseLogger - Using 'UTF-8' encoding to copy filtered resources.
2025-07-14 09:56:14,763 [Worker-57: Building] INFO  o.e.m.c.i.embedder.EclipseLogger - Using 'UTF-8' encoding to copy filtered properties files.
2025-07-14 09:56:14,763 [Worker-57: Building] INFO  o.e.m.c.i.embedder.EclipseLogger - Copying 1 resource
2025-07-14 09:56:14,766 [Worker-57: Building] INFO  o.e.m.c.i.embedder.EclipseLogger - Copying 0 resource
2025-07-14 09:56:14,770 [Worker-57: Building] INFO  o.e.m.c.i.embedder.EclipseLogger - Using 'UTF-8' encoding to copy filtered resources.
2025-07-14 09:56:14,770 [Worker-57: Building] INFO  o.e.m.c.i.embedder.EclipseLogger - Using 'UTF-8' encoding to copy filtered properties files.
2025-07-14 09:56:14,770 [Worker-57: Building] INFO  o.e.m.c.i.embedder.EclipseLogger - skip non existing resourceDirectory C:\Users\muruk\Documents\Desafio completo\Sistema_back\Sistema\src\test\resources
2025-07-14 09:56:15,284 [Worker-58: Building] INFO  o.e.m.c.i.embedder.EclipseLogger - Using 'UTF-8' encoding to copy filtered resources.
2025-07-14 09:56:15,284 [Worker-58: Building] INFO  o.e.m.c.i.embedder.EclipseLogger - Using 'UTF-8' encoding to copy filtered properties files.
2025-07-14 09:56:15,284 [Worker-58: Building] INFO  o.e.m.c.i.embedder.EclipseLogger - Copying 1 resource
2025-07-14 09:56:15,287 [Worker-58: Building] INFO  o.e.m.c.i.embedder.EclipseLogger - Copying 0 resource
2025-07-14 09:56:15,291 [Worker-58: Building] INFO  o.e.m.c.i.embedder.EclipseLogger - Using 'UTF-8' encoding to copy filtered resources.
2025-07-14 09:56:15,291 [Worker-58: Building] INFO  o.e.m.c.i.embedder.EclipseLogger - Using 'UTF-8' encoding to copy filtered properties files.
2025-07-14 09:56:15,291 [Worker-58: Building] INFO  o.e.m.c.i.embedder.EclipseLogger - skip non existing resourceDirectory C:\Users\muruk\Documents\Desafio completo\Sistema_back\Sistema\src\test\resources
2025-07-14 09:56:36,162 [Worker-63: Building] INFO  o.e.m.c.i.embedder.EclipseLogger - Using 'UTF-8' encoding to copy filtered resources.
2025-07-14 09:56:36,162 [Worker-63: Building] INFO  o.e.m.c.i.embedder.EclipseLogger - Using 'UTF-8' encoding to copy filtered properties files.
2025-07-14 09:56:36,162 [Worker-63: Building] INFO  o.e.m.c.i.embedder.EclipseLogger - Copying 1 resource
2025-07-14 09:56:36,164 [Worker-63: Building] INFO  o.e.m.c.i.embedder.EclipseLogger - Copying 0 resource
2025-07-14 09:56:36,166 [Worker-63: Building] INFO  o.e.m.c.i.embedder.EclipseLogger - Using 'UTF-8' encoding to copy filtered resources.
2025-07-14 09:56:36,166 [Worker-63: Building] INFO  o.e.m.c.i.embedder.EclipseLogger - Using 'UTF-8' encoding to copy filtered properties files.
2025-07-14 09:56:36,166 [Worker-63: Building] INFO  o.e.m.c.i.embedder.EclipseLogger - skip non existing resourceDirectory C:\Users\muruk\Documents\Desafio completo\Sistema_back\Sistema\src\test\resources
2025-07-14 09:56:42,852 [Worker-59: Building] INFO  o.e.m.c.i.embedder.EclipseLogger - Using 'UTF-8' encoding to copy filtered resources.
2025-07-14 09:56:42,853 [Worker-59: Building] INFO  o.e.m.c.i.embedder.EclipseLogger - Using 'UTF-8' encoding to copy filtered properties files.
2025-07-14 09:56:42,853 [Worker-59: Building] INFO  o.e.m.c.i.embedder.EclipseLogger - Copying 1 resource
2025-07-14 09:56:42,854 [Worker-59: Building] INFO  o.e.m.c.i.embedder.EclipseLogger - Copying 0 resource
2025-07-14 09:56:42,857 [Worker-59: Building] INFO  o.e.m.c.i.embedder.EclipseLogger - Using 'UTF-8' encoding to copy filtered resources.
2025-07-14 09:56:42,857 [Worker-59: Building] INFO  o.e.m.c.i.embedder.EclipseLogger - Using 'UTF-8' encoding to copy filtered properties files.
2025-07-14 09:56:42,857 [Worker-59: Building] INFO  o.e.m.c.i.embedder.EclipseLogger - skip non existing resourceDirectory C:\Users\muruk\Documents\Desafio completo\Sistema_back\Sistema\src\test\resources
2025-07-14 09:56:46,915 [Worker-62: Building] INFO  o.e.m.c.i.l.LifecycleMappingFactory - Using org.eclipse.m2e.jdt.JarLifecycleMapping lifecycle mapping for MavenProject: br.com.sistema:Sistema:0.0.1-SNAPSHOT @ C:\Users\muruk\Documents\Desafio completo\Sistema_back\Sistema\pom.xml.
2025-07-14 09:56:47,347 [Worker-62: Building] INFO  o.e.m.c.i.embedder.EclipseLogger - Using 'UTF-8' encoding to copy filtered resources.
2025-07-14 09:56:47,347 [Worker-62: Building] INFO  o.e.m.c.i.embedder.EclipseLogger - Using 'UTF-8' encoding to copy filtered properties files.
2025-07-14 09:56:47,347 [Worker-62: Building] INFO  o.e.m.c.i.embedder.EclipseLogger - Copying 1 resource
2025-07-14 09:56:47,359 [Worker-62: Building] INFO  o.e.m.c.i.embedder.EclipseLogger - Copying 0 resource
2025-07-14 09:56:47,364 [Worker-62: Building] INFO  o.e.m.c.i.embedder.EclipseLogger - Using 'UTF-8' encoding to copy filtered resources.
2025-07-14 09:56:47,364 [Worker-62: Building] INFO  o.e.m.c.i.embedder.EclipseLogger - Using 'UTF-8' encoding to copy filtered properties files.
2025-07-14 09:56:47,364 [Worker-62: Building] INFO  o.e.m.c.i.embedder.EclipseLogger - skip non existing resourceDirectory C:\Users\muruk\Documents\Desafio completo\Sistema_back\Sistema\src\test\resources
2025-07-14 09:56:48,508 [Worker-62: Building] INFO  o.e.m.c.i.embedder.EclipseLogger - Using 'UTF-8' encoding to copy filtered resources.
2025-07-14 09:56:48,508 [Worker-62: Building] INFO  o.e.m.c.i.embedder.EclipseLogger - Using 'UTF-8' encoding to copy filtered properties files.
2025-07-14 09:56:48,508 [Worker-62: Building] INFO  o.e.m.c.i.embedder.EclipseLogger - Copying 1 resource
2025-07-14 09:56:48,510 [Worker-62: Building] INFO  o.e.m.c.i.embedder.EclipseLogger - Copying 0 resource
2025-07-14 09:56:48,513 [Worker-62: Building] INFO  o.e.m.c.i.embedder.EclipseLogger - Using 'UTF-8' encoding to copy filtered resources.
2025-07-14 09:56:48,513 [Worker-62: Building] INFO  o.e.m.c.i.embedder.EclipseLogger - Using 'UTF-8' encoding to copy filtered properties files.
2025-07-14 09:56:48,513 [Worker-62: Building] INFO  o.e.m.c.i.embedder.EclipseLogger - skip non existing resourceDirectory C:\Users\muruk\Documents\Desafio completo\Sistema_back\Sistema\src\test\resources
2025-07-14 09:56:49,027 [Worker-58: Building] INFO  o.e.m.c.i.embedder.EclipseLogger - Using 'UTF-8' encoding to copy filtered resources.
2025-07-14 09:56:49,027 [Worker-58: Building] INFO  o.e.m.c.i.embedder.EclipseLogger - Using 'UTF-8' encoding to copy filtered properties files.
2025-07-14 09:56:49,028 [Worker-58: Building] INFO  o.e.m.c.i.embedder.EclipseLogger - Copying 1 resource
2025-07-14 09:56:49,031 [Worker-58: Building] INFO  o.e.m.c.i.embedder.EclipseLogger - Copying 0 resource
2025-07-14 09:56:49,041 [Worker-58: Building] INFO  o.e.m.c.i.embedder.EclipseLogger - Using 'UTF-8' encoding to copy filtered resources.
2025-07-14 09:56:49,041 [Worker-58: Building] INFO  o.e.m.c.i.embedder.EclipseLogger - Using 'UTF-8' encoding to copy filtered properties files.
2025-07-14 09:56:49,041 [Worker-58: Building] INFO  o.e.m.c.i.embedder.EclipseLogger - skip non existing resourceDirectory C:\Users\muruk\Documents\Desafio completo\Sistema_back\Sistema\src\test\resources
2025-07-14 09:56:49,569 [Worker-61: Building] INFO  o.e.m.c.i.embedder.EclipseLogger - Using 'UTF-8' encoding to copy filtered resources.
2025-07-14 09:56:49,569 [Worker-61: Building] INFO  o.e.m.c.i.embedder.EclipseLogger - Using 'UTF-8' encoding to copy filtered properties files.
2025-07-14 09:56:49,570 [Worker-61: Building] INFO  o.e.m.c.i.embedder.EclipseLogger - Copying 1 resource
2025-07-14 09:56:49,572 [Worker-61: Building] INFO  o.e.m.c.i.embedder.EclipseLogger - Copying 0 resource
2025-07-14 09:56:49,575 [Worker-61: Building] INFO  o.e.m.c.i.embedder.EclipseLogger - Using 'UTF-8' encoding to copy filtered resources.
2025-07-14 09:56:49,575 [Worker-61: Building] INFO  o.e.m.c.i.embedder.EclipseLogger - Using 'UTF-8' encoding to copy filtered properties files.
2025-07-14 09:56:49,575 [Worker-61: Building] INFO  o.e.m.c.i.embedder.EclipseLogger - skip non existing resourceDirectory C:\Users\muruk\Documents\Desafio completo\Sistema_back\Sistema\src\test\resources
2025-07-14 09:57:12,976 [Worker-62: Updating Maven Project] INFO  o.e.m.c.i.p.ProjectConfigurationManager - Update started
2025-07-14 09:57:13,127 [Worker-62: Updating Maven Project] INFO  o.e.m.c.i.l.LifecycleMappingFactory - Using org.eclipse.m2e.jdt.JarLifecycleMapping lifecycle mapping for MavenProject: br.com.sistema:Sistema:0.0.1-SNAPSHOT @ C:\Users\muruk\Documents\Desafio completo\Sistema_back\Sistema\pom.xml.
2025-07-14 09:57:13,362 [Worker-62: Updating Maven Project] INFO  o.e.m.j.i.AbstractJavaProjectConfigurator - Adding source folder /Sistema/src/main/java
2025-07-14 09:57:13,362 [Worker-62: Updating Maven Project] INFO  o.e.m.j.i.AbstractJavaProjectConfigurator - Adding resource folder /Sistema/src/main/resources
2025-07-14 09:57:13,363 [Worker-62: Updating Maven Project] INFO  o.e.m.j.i.AbstractJavaProjectConfigurator - Adding resource folder /Sistema/src/main/resources
2025-07-14 09:57:13,363 [Worker-62: Updating Maven Project] INFO  o.e.m.j.i.AbstractJavaProjectConfigurator - Adding source folder /Sistema/src/test/java
2025-07-14 09:57:13,363 [Worker-62: Updating Maven Project] INFO  o.e.m.j.i.AbstractJavaProjectConfigurator - Adding resource folder /Sistema/src/test/resources
2025-07-14 09:57:13,531 [Worker-62: Updating Maven Project] INFO  o.e.m.c.i.p.ProjectConfigurationManager - Update completed for 1 poms: local refresh takes 0,00 sec, refresh facades takes 0,00 sec, update config takes 0,00 sec 
2025-07-14 09:57:13,965 [Worker-60: Building] INFO  o.e.m.c.i.embedder.EclipseLogger - Using 'UTF-8' encoding to copy filtered resources.
2025-07-14 09:57:13,965 [Worker-60: Building] INFO  o.e.m.c.i.embedder.EclipseLogger - Using 'UTF-8' encoding to copy filtered properties files.
2025-07-14 09:57:13,965 [Worker-60: Building] INFO  o.e.m.c.i.embedder.EclipseLogger - Copying 1 resource
2025-07-14 09:57:13,981 [Worker-60: Building] INFO  o.e.m.c.i.embedder.EclipseLogger - Copying 0 resource
2025-07-14 09:57:13,984 [Worker-60: Building] INFO  o.e.m.c.i.embedder.EclipseLogger - Using 'UTF-8' encoding to copy filtered resources.
2025-07-14 09:57:13,984 [Worker-60: Building] INFO  o.e.m.c.i.embedder.EclipseLogger - Using 'UTF-8' encoding to copy filtered properties files.
2025-07-14 09:57:13,984 [Worker-60: Building] INFO  o.e.m.c.i.embedder.EclipseLogger - skip non existing resourceDirectory C:\Users\muruk\Documents\Desafio completo\Sistema_back\Sistema\src\test\resources
2025-07-14 09:57:14,714 [Worker-63: Building] INFO  o.e.m.c.i.embedder.EclipseLogger - Using 'UTF-8' encoding to copy filtered resources.
2025-07-14 09:57:14,714 [Worker-63: Building] INFO  o.e.m.c.i.embedder.EclipseLogger - Using 'UTF-8' encoding to copy filtered properties files.
2025-07-14 09:57:14,714 [Worker-63: Building] INFO  o.e.m.c.i.embedder.EclipseLogger - Copying 1 resource
2025-07-14 09:57:14,715 [Worker-63: Building] INFO  o.e.m.c.i.embedder.EclipseLogger - Copying 0 resource
2025-07-14 09:57:14,716 [Worker-63: Building] INFO  o.e.m.c.i.embedder.EclipseLogger - Using 'UTF-8' encoding to copy filtered resources.
2025-07-14 09:57:14,716 [Worker-63: Building] INFO  o.e.m.c.i.embedder.EclipseLogger - Using 'UTF-8' encoding to copy filtered properties files.
2025-07-14 09:57:14,716 [Worker-63: Building] INFO  o.e.m.c.i.embedder.EclipseLogger - skip non existing resourceDirectory C:\Users\muruk\Documents\Desafio completo\Sistema_back\Sistema\src\test\resources
2025-07-14 09:57:57,511 [Worker-57: Building] INFO  o.e.m.c.i.embedder.EclipseLogger - Using 'UTF-8' encoding to copy filtered resources.
2025-07-14 09:57:57,511 [Worker-57: Building] INFO  o.e.m.c.i.embedder.EclipseLogger - Using 'UTF-8' encoding to copy filtered properties files.
2025-07-14 09:57:57,512 [Worker-57: Building] INFO  o.e.m.c.i.embedder.EclipseLogger - Copying 1 resource
2025-07-14 09:57:57,513 [Worker-57: Building] INFO  o.e.m.c.i.embedder.EclipseLogger - Copying 0 resource
2025-07-14 09:57:57,515 [Worker-57: Building] INFO  o.e.m.c.i.embedder.EclipseLogger - Using 'UTF-8' encoding to copy filtered resources.
2025-07-14 09:57:57,515 [Worker-57: Building] INFO  o.e.m.c.i.embedder.EclipseLogger - Using 'UTF-8' encoding to copy filtered properties files.
2025-07-14 09:57:57,515 [Worker-57: Building] INFO  o.e.m.c.i.embedder.EclipseLogger - skip non existing resourceDirectory C:\Users\muruk\Documents\Desafio completo\Sistema_back\Sistema\src\test\resources
2025-07-14 09:58:06,925 [Worker-58: Building] INFO  o.e.m.c.i.embedder.EclipseLogger - Using 'UTF-8' encoding to copy filtered resources.
2025-07-14 09:58:06,925 [Worker-58: Building] INFO  o.e.m.c.i.embedder.EclipseLogger - Using 'UTF-8' encoding to copy filtered properties files.
2025-07-14 09:58:06,926 [Worker-58: Building] INFO  o.e.m.c.i.embedder.EclipseLogger - Copying 1 resource
2025-07-14 09:58:06,927 [Worker-58: Building] INFO  o.e.m.c.i.embedder.EclipseLogger - Copying 0 resource
2025-07-14 09:58:06,929 [Worker-58: Building] INFO  o.e.m.c.i.embedder.EclipseLogger - Using 'UTF-8' encoding to copy filtered resources.
2025-07-14 09:58:06,929 [Worker-58: Building] INFO  o.e.m.c.i.embedder.EclipseLogger - Using 'UTF-8' encoding to copy filtered properties files.
2025-07-14 09:58:06,929 [Worker-58: Building] INFO  o.e.m.c.i.embedder.EclipseLogger - skip non existing resourceDirectory C:\Users\muruk\Documents\Desafio completo\Sistema_back\Sistema\src\test\resources
2025-07-14 09:58:12,336 [Worker-62: Building] INFO  o.e.m.c.i.embedder.EclipseLogger - Using 'UTF-8' encoding to copy filtered resources.
2025-07-14 09:58:12,336 [Worker-62: Building] INFO  o.e.m.c.i.embedder.EclipseLogger - Using 'UTF-8' encoding to copy filtered properties files.
2025-07-14 09:58:12,336 [Worker-62: Building] INFO  o.e.m.c.i.embedder.EclipseLogger - Copying 1 resource
2025-07-14 09:58:12,338 [Worker-62: Building] INFO  o.e.m.c.i.embedder.EclipseLogger - Copying 0 resource
2025-07-14 09:58:12,341 [Worker-62: Building] INFO  o.e.m.c.i.embedder.EclipseLogger - Using 'UTF-8' encoding to copy filtered resources.
2025-07-14 09:58:12,341 [Worker-62: Building] INFO  o.e.m.c.i.embedder.EclipseLogger - Using 'UTF-8' encoding to copy filtered properties files.
2025-07-14 09:58:12,341 [Worker-62: Building] INFO  o.e.m.c.i.embedder.EclipseLogger - skip non existing resourceDirectory C:\Users\muruk\Documents\Desafio completo\Sistema_back\Sistema\src\test\resources
2025-07-14 09:58:12,842 [Worker-57: Building] INFO  o.e.m.c.i.embedder.EclipseLogger - Using 'UTF-8' encoding to copy filtered resources.
2025-07-14 09:58:12,842 [Worker-57: Building] INFO  o.e.m.c.i.embedder.EclipseLogger - Using 'UTF-8' encoding to copy filtered properties files.
2025-07-14 09:58:12,842 [Worker-57: Building] INFO  o.e.m.c.i.embedder.EclipseLogger - Copying 1 resource
2025-07-14 09:58:12,843 [Worker-57: Building] INFO  o.e.m.c.i.embedder.EclipseLogger - Copying 0 resource
2025-07-14 09:58:12,845 [Worker-57: Building] INFO  o.e.m.c.i.embedder.EclipseLogger - Using 'UTF-8' encoding to copy filtered resources.
2025-07-14 09:58:12,845 [Worker-57: Building] INFO  o.e.m.c.i.embedder.EclipseLogger - Using 'UTF-8' encoding to copy filtered properties files.
2025-07-14 09:58:12,845 [Worker-57: Building] INFO  o.e.m.c.i.embedder.EclipseLogger - skip non existing resourceDirectory C:\Users\muruk\Documents\Desafio completo\Sistema_back\Sistema\src\test\resources
2025-07-14 09:58:16,183 [Worker-64: Building] INFO  o.e.m.c.i.embedder.EclipseLogger - Using 'UTF-8' encoding to copy filtered resources.
2025-07-14 09:58:16,184 [Worker-64: Building] INFO  o.e.m.c.i.embedder.EclipseLogger - Using 'UTF-8' encoding to copy filtered properties files.
2025-07-14 09:58:16,184 [Worker-64: Building] INFO  o.e.m.c.i.embedder.EclipseLogger - Copying 1 resource
2025-07-14 09:58:16,186 [Worker-64: Building] INFO  o.e.m.c.i.embedder.EclipseLogger - Copying 0 resource
2025-07-14 09:58:16,189 [Worker-64: Building] INFO  o.e.m.c.i.embedder.EclipseLogger - Using 'UTF-8' encoding to copy filtered resources.
2025-07-14 09:58:16,189 [Worker-64: Building] INFO  o.e.m.c.i.embedder.EclipseLogger - Using 'UTF-8' encoding to copy filtered properties files.
2025-07-14 09:58:16,189 [Worker-64: Building] INFO  o.e.m.c.i.embedder.EclipseLogger - skip non existing resourceDirectory C:\Users\muruk\Documents\Desafio completo\Sistema_back\Sistema\src\test\resources
2025-07-14 09:58:21,496 [Worker-64: Building] INFO  o.e.m.c.i.embedder.EclipseLogger - Using 'UTF-8' encoding to copy filtered resources.
2025-07-14 09:58:21,496 [Worker-64: Building] INFO  o.e.m.c.i.embedder.EclipseLogger - Using 'UTF-8' encoding to copy filtered properties files.
2025-07-14 09:58:21,496 [Worker-64: Building] INFO  o.e.m.c.i.embedder.EclipseLogger - Copying 1 resource
2025-07-14 09:58:21,497 [Worker-64: Building] INFO  o.e.m.c.i.embedder.EclipseLogger - Copying 0 resource
2025-07-14 09:58:21,499 [Worker-64: Building] INFO  o.e.m.c.i.embedder.EclipseLogger - Using 'UTF-8' encoding to copy filtered resources.
2025-07-14 09:58:21,499 [Worker-64: Building] INFO  o.e.m.c.i.embedder.EclipseLogger - Using 'UTF-8' encoding to copy filtered properties files.
2025-07-14 09:58:21,499 [Worker-64: Building] INFO  o.e.m.c.i.embedder.EclipseLogger - skip non existing resourceDirectory C:\Users\muruk\Documents\Desafio completo\Sistema_back\Sistema\src\test\resources
2025-07-14 09:58:27,626 [Worker-57: Building] INFO  o.e.m.c.i.l.LifecycleMappingFactory - Using org.eclipse.m2e.jdt.JarLifecycleMapping lifecycle mapping for MavenProject: br.com.sistema:Sistema:0.0.1-SNAPSHOT @ C:\Users\muruk\Documents\Desafio completo\Sistema_back\Sistema\pom.xml.
2025-07-14 09:58:28,104 [Worker-57: Building] INFO  o.e.m.c.i.embedder.EclipseLogger - Using 'UTF-8' encoding to copy filtered resources.
2025-07-14 09:58:28,104 [Worker-57: Building] INFO  o.e.m.c.i.embedder.EclipseLogger - Using 'UTF-8' encoding to copy filtered properties files.
2025-07-14 09:58:28,104 [Worker-57: Building] INFO  o.e.m.c.i.embedder.EclipseLogger - Copying 1 resource
2025-07-14 09:58:28,123 [Worker-57: Building] INFO  o.e.m.c.i.embedder.EclipseLogger - Copying 0 resource
2025-07-14 09:58:28,126 [Worker-57: Building] INFO  o.e.m.c.i.embedder.EclipseLogger - Using 'UTF-8' encoding to copy filtered resources.
2025-07-14 09:58:28,126 [Worker-57: Building] INFO  o.e.m.c.i.embedder.EclipseLogger - Using 'UTF-8' encoding to copy filtered properties files.
2025-07-14 09:58:28,126 [Worker-57: Building] INFO  o.e.m.c.i.embedder.EclipseLogger - skip non existing resourceDirectory C:\Users\muruk\Documents\Desafio completo\Sistema_back\Sistema\src\test\resources
2025-07-14 09:58:28,993 [Worker-60: Building] INFO  o.e.m.c.i.embedder.EclipseLogger - Using 'UTF-8' encoding to copy filtered resources.
2025-07-14 09:58:28,993 [Worker-60: Building] INFO  o.e.m.c.i.embedder.EclipseLogger - Using 'UTF-8' encoding to copy filtered properties files.
2025-07-14 09:58:28,993 [Worker-60: Building] INFO  o.e.m.c.i.embedder.EclipseLogger - Copying 1 resource
2025-07-14 09:58:28,995 [Worker-60: Building] INFO  o.e.m.c.i.embedder.EclipseLogger - Copying 0 resource
2025-07-14 09:58:28,997 [Worker-60: Building] INFO  o.e.m.c.i.embedder.EclipseLogger - Using 'UTF-8' encoding to copy filtered resources.
2025-07-14 09:58:28,997 [Worker-60: Building] INFO  o.e.m.c.i.embedder.EclipseLogger - Using 'UTF-8' encoding to copy filtered properties files.
2025-07-14 09:58:28,997 [Worker-60: Building] INFO  o.e.m.c.i.embedder.EclipseLogger - skip non existing resourceDirectory C:\Users\muruk\Documents\Desafio completo\Sistema_back\Sistema\src\test\resources
2025-07-14 09:58:29,449 [Worker-58: Building] INFO  o.e.m.c.i.embedder.EclipseLogger - Using 'UTF-8' encoding to copy filtered resources.
2025-07-14 09:58:29,449 [Worker-58: Building] INFO  o.e.m.c.i.embedder.EclipseLogger - Using 'UTF-8' encoding to copy filtered properties files.
2025-07-14 09:58:29,449 [Worker-58: Building] INFO  o.e.m.c.i.embedder.EclipseLogger - Copying 1 resource
2025-07-14 09:58:29,451 [Worker-58: Building] INFO  o.e.m.c.i.embedder.EclipseLogger - Copying 0 resource
2025-07-14 09:58:29,454 [Worker-58: Building] INFO  o.e.m.c.i.embedder.EclipseLogger - Using 'UTF-8' encoding to copy filtered resources.
2025-07-14 09:58:29,454 [Worker-58: Building] INFO  o.e.m.c.i.embedder.EclipseLogger - Using 'UTF-8' encoding to copy filtered properties files.
2025-07-14 09:58:29,454 [Worker-58: Building] INFO  o.e.m.c.i.embedder.EclipseLogger - skip non existing resourceDirectory C:\Users\muruk\Documents\Desafio completo\Sistema_back\Sistema\src\test\resources
2025-07-14 09:58:29,988 [Worker-61: Building] INFO  o.e.m.c.i.embedder.EclipseLogger - Using 'UTF-8' encoding to copy filtered resources.
2025-07-14 09:58:29,988 [Worker-61: Building] INFO  o.e.m.c.i.embedder.EclipseLogger - Using 'UTF-8' encoding to copy filtered properties files.
2025-07-14 09:58:29,988 [Worker-61: Building] INFO  o.e.m.c.i.embedder.EclipseLogger - Copying 1 resource
2025-07-14 09:58:29,990 [Worker-61: Building] INFO  o.e.m.c.i.embedder.EclipseLogger - Copying 0 resource
2025-07-14 09:58:29,991 [Worker-61: Building] INFO  o.e.m.c.i.embedder.EclipseLogger - Using 'UTF-8' encoding to copy filtered resources.
2025-07-14 09:58:29,991 [Worker-61: Building] INFO  o.e.m.c.i.embedder.EclipseLogger - Using 'UTF-8' encoding to copy filtered properties files.
2025-07-14 09:58:29,991 [Worker-61: Building] INFO  o.e.m.c.i.embedder.EclipseLogger - skip non existing resourceDirectory C:\Users\muruk\Documents\Desafio completo\Sistema_back\Sistema\src\test\resources
2025-07-14 09:58:35,415 [Worker-50: Building] INFO  o.e.m.c.i.embedder.EclipseLogger - Using 'UTF-8' encoding to copy filtered resources.
2025-07-14 09:58:35,415 [Worker-50: Building] INFO  o.e.m.c.i.embedder.EclipseLogger - Using 'UTF-8' encoding to copy filtered properties files.
2025-07-14 09:58:35,415 [Worker-50: Building] INFO  o.e.m.c.i.embedder.EclipseLogger - Copying 1 resource
2025-07-14 09:58:35,417 [Worker-50: Building] INFO  o.e.m.c.i.embedder.EclipseLogger - Copying 0 resource
2025-07-14 09:58:35,419 [Worker-50: Building] INFO  o.e.m.c.i.embedder.EclipseLogger - Using 'UTF-8' encoding to copy filtered resources.
2025-07-14 09:58:35,419 [Worker-50: Building] INFO  o.e.m.c.i.embedder.EclipseLogger - Using 'UTF-8' encoding to copy filtered properties files.
2025-07-14 09:58:35,419 [Worker-50: Building] INFO  o.e.m.c.i.embedder.EclipseLogger - skip non existing resourceDirectory C:\Users\muruk\Documents\Desafio completo\Sistema_back\Sistema\src\test\resources
2025-07-14 09:58:48,938 [Worker-63: Building] INFO  o.e.m.c.i.embedder.EclipseLogger - Using 'UTF-8' encoding to copy filtered resources.
2025-07-14 09:58:48,938 [Worker-63: Building] INFO  o.e.m.c.i.embedder.EclipseLogger - Using 'UTF-8' encoding to copy filtered properties files.
2025-07-14 09:58:48,938 [Worker-63: Building] INFO  o.e.m.c.i.embedder.EclipseLogger - Copying 1 resource
2025-07-14 09:58:48,940 [Worker-63: Building] INFO  o.e.m.c.i.embedder.EclipseLogger - Copying 0 resource
2025-07-14 09:58:48,943 [Worker-63: Building] INFO  o.e.m.c.i.embedder.EclipseLogger - Using 'UTF-8' encoding to copy filtered resources.
2025-07-14 09:58:48,943 [Worker-63: Building] INFO  o.e.m.c.i.embedder.EclipseLogger - Using 'UTF-8' encoding to copy filtered properties files.
2025-07-14 09:58:48,943 [Worker-63: Building] INFO  o.e.m.c.i.embedder.EclipseLogger - skip non existing resourceDirectory C:\Users\muruk\Documents\Desafio completo\Sistema_back\Sistema\src\test\resources
2025-07-14 09:59:35,885 [Worker-59: Building] INFO  o.e.m.c.i.embedder.EclipseLogger - Using 'UTF-8' encoding to copy filtered resources.
2025-07-14 09:59:35,885 [Worker-59: Building] INFO  o.e.m.c.i.embedder.EclipseLogger - Using 'UTF-8' encoding to copy filtered properties files.
2025-07-14 09:59:35,886 [Worker-59: Building] INFO  o.e.m.c.i.embedder.EclipseLogger - Copying 0 resource
2025-07-14 09:59:35,887 [Worker-59: Building] INFO  o.e.m.c.i.embedder.EclipseLogger - Copying 0 resource
2025-07-14 09:59:35,890 [Worker-59: Building] INFO  o.e.m.c.i.embedder.EclipseLogger - Using 'UTF-8' encoding to copy filtered resources.
2025-07-14 09:59:35,890 [Worker-59: Building] INFO  o.e.m.c.i.embedder.EclipseLogger - Using 'UTF-8' encoding to copy filtered properties files.
2025-07-14 09:59:35,890 [Worker-59: Building] INFO  o.e.m.c.i.embedder.EclipseLogger - skip non existing resourceDirectory C:\Users\muruk\Documents\Desafio completo\Sistema_back\Sistema\src\test\resources
2025-07-14 10:00:33,504 [Worker-57: Building] INFO  o.e.m.c.i.l.LifecycleMappingFactory - Using org.eclipse.m2e.jdt.JarLifecycleMapping lifecycle mapping for MavenProject: br.com.sistema:Sistema:0.0.1-SNAPSHOT @ C:\Users\muruk\Documents\Desafio completo\Sistema_back\Sistema\pom.xml.
2025-07-14 10:00:33,922 [Worker-57: Building] INFO  o.e.m.c.i.embedder.EclipseLogger - Using 'UTF-8' encoding to copy filtered resources.
2025-07-14 10:00:33,922 [Worker-57: Building] INFO  o.e.m.c.i.embedder.EclipseLogger - Using 'UTF-8' encoding to copy filtered properties files.
2025-07-14 10:00:33,922 [Worker-57: Building] INFO  o.e.m.c.i.embedder.EclipseLogger - Copying 1 resource
2025-07-14 10:00:33,931 [Worker-57: Building] INFO  o.e.m.c.i.embedder.EclipseLogger - Copying 0 resource
2025-07-14 10:00:33,935 [Worker-57: Building] INFO  o.e.m.c.i.embedder.EclipseLogger - Using 'UTF-8' encoding to copy filtered resources.
2025-07-14 10:00:33,935 [Worker-57: Building] INFO  o.e.m.c.i.embedder.EclipseLogger - Using 'UTF-8' encoding to copy filtered properties files.
2025-07-14 10:00:33,935 [Worker-57: Building] INFO  o.e.m.c.i.embedder.EclipseLogger - skip non existing resourceDirectory C:\Users\muruk\Documents\Desafio completo\Sistema_back\Sistema\src\test\resources
2025-07-14 10:00:35,315 [Worker-64: Building] INFO  o.e.m.c.i.embedder.EclipseLogger - Using 'UTF-8' encoding to copy filtered resources.
2025-07-14 10:00:35,316 [Worker-64: Building] INFO  o.e.m.c.i.embedder.EclipseLogger - Using 'UTF-8' encoding to copy filtered properties files.
2025-07-14 10:00:35,316 [Worker-64: Building] INFO  o.e.m.c.i.embedder.EclipseLogger - Copying 1 resource
2025-07-14 10:00:35,318 [Worker-64: Building] INFO  o.e.m.c.i.embedder.EclipseLogger - Copying 0 resource
2025-07-14 10:00:35,321 [Worker-64: Building] INFO  o.e.m.c.i.embedder.EclipseLogger - Using 'UTF-8' encoding to copy filtered resources.
2025-07-14 10:00:35,321 [Worker-64: Building] INFO  o.e.m.c.i.embedder.EclipseLogger - Using 'UTF-8' encoding to copy filtered properties files.
2025-07-14 10:00:35,321 [Worker-64: Building] INFO  o.e.m.c.i.embedder.EclipseLogger - skip non existing resourceDirectory C:\Users\muruk\Documents\Desafio completo\Sistema_back\Sistema\src\test\resources
2025-07-14 10:01:28,685 [Worker-57: Building] INFO  o.e.m.c.i.embedder.EclipseLogger - Using 'UTF-8' encoding to copy filtered resources.
2025-07-14 10:01:28,686 [Worker-57: Building] INFO  o.e.m.c.i.embedder.EclipseLogger - Using 'UTF-8' encoding to copy filtered properties files.
2025-07-14 10:01:28,688 [Worker-57: Building] INFO  o.e.m.c.i.embedder.EclipseLogger - Copying 0 resource
2025-07-14 10:01:28,689 [Worker-57: Building] INFO  o.e.m.c.i.embedder.EclipseLogger - Copying 0 resource
2025-07-14 10:01:28,696 [Worker-57: Building] INFO  o.e.m.c.i.embedder.EclipseLogger - Using 'UTF-8' encoding to copy filtered resources.
2025-07-14 10:01:28,696 [Worker-57: Building] INFO  o.e.m.c.i.embedder.EclipseLogger - Using 'UTF-8' encoding to copy filtered properties files.
2025-07-14 10:01:28,696 [Worker-57: Building] INFO  o.e.m.c.i.embedder.EclipseLogger - skip non existing resourceDirectory C:\Users\muruk\Documents\Desafio completo\Sistema_back\Sistema\src\test\resources
2025-07-14 10:03:49,239 [Worker-61: Building] INFO  o.e.m.c.i.embedder.EclipseLogger - Using 'UTF-8' encoding to copy filtered resources.
2025-07-14 10:03:49,239 [Worker-61: Building] INFO  o.e.m.c.i.embedder.EclipseLogger - Using 'UTF-8' encoding to copy filtered properties files.
2025-07-14 10:03:49,239 [Worker-61: Building] INFO  o.e.m.c.i.embedder.EclipseLogger - Copying 0 resource
2025-07-14 10:03:49,240 [Worker-61: Building] INFO  o.e.m.c.i.embedder.EclipseLogger - Copying 0 resource
2025-07-14 10:03:49,242 [Worker-61: Building] INFO  o.e.m.c.i.embedder.EclipseLogger - Using 'UTF-8' encoding to copy filtered resources.
2025-07-14 10:03:49,242 [Worker-61: Building] INFO  o.e.m.c.i.embedder.EclipseLogger - Using 'UTF-8' encoding to copy filtered properties files.
2025-07-14 10:03:49,242 [Worker-61: Building] INFO  o.e.m.c.i.embedder.EclipseLogger - skip non existing resourceDirectory C:\Users\muruk\Documents\Desafio completo\Sistema_back\Sistema\src\test\resources
2025-07-14 10:46:27,225 [Worker-65: Building] INFO  o.e.m.c.i.embedder.EclipseLogger - Using 'UTF-8' encoding to copy filtered resources.
2025-07-14 10:46:27,226 [Worker-65: Building] INFO  o.e.m.c.i.embedder.EclipseLogger - Using 'UTF-8' encoding to copy filtered properties files.
2025-07-14 10:46:27,227 [Worker-65: Building] INFO  o.e.m.c.i.embedder.EclipseLogger - Copying 0 resource
2025-07-14 10:46:27,227 [Worker-65: Building] INFO  o.e.m.c.i.embedder.EclipseLogger - Copying 0 resource
2025-07-14 10:46:27,231 [Worker-65: Building] INFO  o.e.m.c.i.embedder.EclipseLogger - Using 'UTF-8' encoding to copy filtered resources.
2025-07-14 10:46:27,231 [Worker-65: Building] INFO  o.e.m.c.i.embedder.EclipseLogger - Using 'UTF-8' encoding to copy filtered properties files.
2025-07-14 10:46:27,231 [Worker-65: Building] INFO  o.e.m.c.i.embedder.EclipseLogger - skip non existing resourceDirectory C:\Users\muruk\Documents\Desafio completo\Sistema_back\Sistema\src\test\resources
2025-07-14 10:47:02,102 [Worker-64: Building] INFO  o.e.m.c.i.embedder.EclipseLogger - Using 'UTF-8' encoding to copy filtered resources.
2025-07-14 10:47:02,102 [Worker-64: Building] INFO  o.e.m.c.i.embedder.EclipseLogger - Using 'UTF-8' encoding to copy filtered properties files.
2025-07-14 10:47:02,102 [Worker-64: Building] INFO  o.e.m.c.i.embedder.EclipseLogger - Copying 0 resource
2025-07-14 10:47:02,102 [Worker-64: Building] INFO  o.e.m.c.i.embedder.EclipseLogger - Copying 0 resource
2025-07-14 10:47:02,104 [Worker-64: Building] INFO  o.e.m.c.i.embedder.EclipseLogger - Using 'UTF-8' encoding to copy filtered resources.
2025-07-14 10:47:02,104 [Worker-64: Building] INFO  o.e.m.c.i.embedder.EclipseLogger - Using 'UTF-8' encoding to copy filtered properties files.
2025-07-14 10:47:02,104 [Worker-64: Building] INFO  o.e.m.c.i.embedder.EclipseLogger - skip non existing resourceDirectory C:\Users\muruk\Documents\Desafio completo\Sistema_back\Sistema\src\test\resources
2025-07-14 10:47:56,491 [Worker-58: Building] INFO  o.e.m.c.i.embedder.EclipseLogger - Using 'UTF-8' encoding to copy filtered resources.
2025-07-14 10:47:56,491 [Worker-58: Building] INFO  o.e.m.c.i.embedder.EclipseLogger - Using 'UTF-8' encoding to copy filtered properties files.
2025-07-14 10:47:56,493 [Worker-58: Building] INFO  o.e.m.c.i.embedder.EclipseLogger - Copying 0 resource
2025-07-14 10:47:56,494 [Worker-58: Building] INFO  o.e.m.c.i.embedder.EclipseLogger - Copying 0 resource
2025-07-14 10:47:56,498 [Worker-58: Building] INFO  o.e.m.c.i.embedder.EclipseLogger - Using 'UTF-8' encoding to copy filtered resources.
2025-07-14 10:47:56,498 [Worker-58: Building] INFO  o.e.m.c.i.embedder.EclipseLogger - Using 'UTF-8' encoding to copy filtered properties files.
2025-07-14 10:47:56,499 [Worker-58: Building] INFO  o.e.m.c.i.embedder.EclipseLogger - skip non existing resourceDirectory C:\Users\muruk\Documents\Desafio completo\Sistema_back\Sistema\src\test\resources
2025-07-14 10:50:34,116 [Worker-64: Building] INFO  o.e.m.c.i.embedder.EclipseLogger - Using 'UTF-8' encoding to copy filtered resources.
2025-07-14 10:50:34,116 [Worker-64: Building] INFO  o.e.m.c.i.embedder.EclipseLogger - Using 'UTF-8' encoding to copy filtered properties files.
2025-07-14 10:50:34,116 [Worker-64: Building] INFO  o.e.m.c.i.embedder.EclipseLogger - Copying 1 resource
2025-07-14 10:50:34,124 [Worker-64: Building] INFO  o.e.m.c.i.embedder.EclipseLogger - Copying 0 resource
2025-07-14 10:50:34,125 [Worker-64: Building] INFO  o.e.m.c.i.embedder.EclipseLogger - Using 'UTF-8' encoding to copy filtered resources.
2025-07-14 10:50:34,125 [Worker-64: Building] INFO  o.e.m.c.i.embedder.EclipseLogger - Using 'UTF-8' encoding to copy filtered properties files.
2025-07-14 10:50:34,125 [Worker-64: Building] INFO  o.e.m.c.i.embedder.EclipseLogger - skip non existing resourceDirectory C:\Users\muruk\Documents\Desafio completo\Sistema_back\Sistema\src\test\resources
2025-07-14 10:52:21,429 [main] INFO  o.e.m.jdt.internal.UnitTestSupport - Updating SistemaApplicationTests from maven configuration
2025-07-14 10:52:22,437 [Worker-66: Launching SistemaApplicationTests] INFO  o.e.m.c.i.e.AbstractTransferListenerAdapter - Downloading https://repo.maven.apache.org/maven2/org/junit/platform/junit-platform-launcher/1.8.2/junit-platform-launcher-1.8.2.jar
2025-07-14 10:52:22,511 [Worker-66: Launching SistemaApplicationTests] INFO  o.e.m.c.i.e.AbstractTransferListenerAdapter - Downloaded https://repo.maven.apache.org/maven2/org/junit/platform/junit-platform-launcher/1.8.2/junit-platform-launcher-1.8.2.jar
2025-07-14 11:01:09,308 [Worker-60: Building] INFO  o.e.m.c.i.l.LifecycleMappingFactory - Using org.eclipse.m2e.jdt.JarLifecycleMapping lifecycle mapping for MavenProject: br.com.sistema:Sistema:0.0.1-SNAPSHOT @ C:\Users\muruk\Documents\Desafio completo\Sistema_back\Sistema\pom.xml.
2025-07-14 11:01:09,638 [Worker-60: Building] INFO  o.e.m.c.i.e.AbstractTransferListenerAdapter - Downloading https://repo.maven.apache.org/maven2/io/springfox/springfox-boot-starter/3.0.0/springfox-boot-starter-3.0.0.pom
2025-07-14 11:01:09,645 [Worker-60: Building] INFO  o.e.m.c.i.e.AbstractTransferListenerAdapter - Downloaded https://repo.maven.apache.org/maven2/io/springfox/springfox-boot-starter/3.0.0/springfox-boot-starter-3.0.0.pom
2025-07-14 11:01:09,682 [Worker-60: Building] INFO  o.e.m.c.i.e.AbstractTransferListenerAdapter - Downloading https://repo.maven.apache.org/maven2/io/springfox/springfox-oas/3.0.0/springfox-oas-3.0.0.pom
2025-07-14 11:01:09,688 [Worker-60: Building] INFO  o.e.m.c.i.e.AbstractTransferListenerAdapter - Downloaded https://repo.maven.apache.org/maven2/io/springfox/springfox-oas/3.0.0/springfox-oas-3.0.0.pom
2025-07-14 11:01:09,726 [Worker-60: Building] INFO  o.e.m.c.i.e.AbstractTransferListenerAdapter - Downloading https://repo.maven.apache.org/maven2/io/swagger/core/v3/swagger-annotations/2.1.2/swagger-annotations-2.1.2.pom
2025-07-14 11:01:09,734 [Worker-60: Building] INFO  o.e.m.c.i.e.AbstractTransferListenerAdapter - Downloaded https://repo.maven.apache.org/maven2/io/swagger/core/v3/swagger-annotations/2.1.2/swagger-annotations-2.1.2.pom
2025-07-14 11:01:09,772 [Worker-60: Building] INFO  o.e.m.c.i.e.AbstractTransferListenerAdapter - Downloading https://repo.maven.apache.org/maven2/io/swagger/core/v3/swagger-project/2.1.2/swagger-project-2.1.2.pom
2025-07-14 11:01:09,786 [Worker-60: Building] INFO  o.e.m.c.i.e.AbstractTransferListenerAdapter - Downloaded https://repo.maven.apache.org/maven2/io/swagger/core/v3/swagger-project/2.1.2/swagger-project-2.1.2.pom
2025-07-14 11:01:09,824 [Worker-60: Building] INFO  o.e.m.c.i.e.AbstractTransferListenerAdapter - Downloading https://repo.maven.apache.org/maven2/org/sonatype/oss/oss-parent/5/oss-parent-5.pom
2025-07-14 11:01:09,828 [Worker-60: Building] INFO  o.e.m.c.i.e.AbstractTransferListenerAdapter - Downloaded https://repo.maven.apache.org/maven2/org/sonatype/oss/oss-parent/5/oss-parent-5.pom
2025-07-14 11:01:09,865 [Worker-60: Building] INFO  o.e.m.c.i.e.AbstractTransferListenerAdapter - Downloading https://repo.maven.apache.org/maven2/io/swagger/core/v3/swagger-models/2.1.2/swagger-models-2.1.2.pom
2025-07-14 11:01:09,870 [Worker-60: Building] INFO  o.e.m.c.i.e.AbstractTransferListenerAdapter - Downloaded https://repo.maven.apache.org/maven2/io/swagger/core/v3/swagger-models/2.1.2/swagger-models-2.1.2.pom
2025-07-14 11:01:09,908 [Worker-60: Building] INFO  o.e.m.c.i.e.AbstractTransferListenerAdapter - Downloading https://repo.maven.apache.org/maven2/io/springfox/springfox-spi/3.0.0/springfox-spi-3.0.0.pom
2025-07-14 11:01:09,911 [Worker-60: Building] INFO  o.e.m.c.i.e.AbstractTransferListenerAdapter - Downloaded https://repo.maven.apache.org/maven2/io/springfox/springfox-spi/3.0.0/springfox-spi-3.0.0.pom
2025-07-14 11:01:09,947 [Worker-60: Building] INFO  o.e.m.c.i.e.AbstractTransferListenerAdapter - Downloading https://repo.maven.apache.org/maven2/io/springfox/springfox-core/3.0.0/springfox-core-3.0.0.pom
2025-07-14 11:01:09,952 [Worker-60: Building] INFO  o.e.m.c.i.e.AbstractTransferListenerAdapter - Downloaded https://repo.maven.apache.org/maven2/io/springfox/springfox-core/3.0.0/springfox-core-3.0.0.pom
2025-07-14 11:01:09,990 [Worker-60: Building] INFO  o.e.m.c.i.e.AbstractTransferListenerAdapter - Downloading https://repo.maven.apache.org/maven2/org/springframework/plugin/spring-plugin-core/2.0.0.RELEASE/spring-plugin-core-2.0.0.RELEASE.pom
2025-07-14 11:01:09,993 [Worker-60: Building] INFO  o.e.m.c.i.e.AbstractTransferListenerAdapter - Downloaded https://repo.maven.apache.org/maven2/org/springframework/plugin/spring-plugin-core/2.0.0.RELEASE/spring-plugin-core-2.0.0.RELEASE.pom
2025-07-14 11:01:10,027 [Worker-60: Building] INFO  o.e.m.c.i.e.AbstractTransferListenerAdapter - Downloading https://repo.maven.apache.org/maven2/org/springframework/plugin/spring-plugin/2.0.0.RELEASE/spring-plugin-2.0.0.RELEASE.pom
2025-07-14 11:01:10,031 [Worker-60: Building] INFO  o.e.m.c.i.e.AbstractTransferListenerAdapter - Downloaded https://repo.maven.apache.org/maven2/org/springframework/plugin/spring-plugin/2.0.0.RELEASE/spring-plugin-2.0.0.RELEASE.pom
2025-07-14 11:01:10,068 [Worker-60: Building] INFO  o.e.m.c.i.e.AbstractTransferListenerAdapter - Downloading https://repo.maven.apache.org/maven2/org/springframework/plugin/spring-plugin-metadata/2.0.0.RELEASE/spring-plugin-metadata-2.0.0.RELEASE.pom
2025-07-14 11:01:10,071 [Worker-60: Building] INFO  o.e.m.c.i.e.AbstractTransferListenerAdapter - Downloaded https://repo.maven.apache.org/maven2/org/springframework/plugin/spring-plugin-metadata/2.0.0.RELEASE/spring-plugin-metadata-2.0.0.RELEASE.pom
2025-07-14 11:01:10,107 [Worker-60: Building] INFO  o.e.m.c.i.e.AbstractTransferListenerAdapter - Downloading https://repo.maven.apache.org/maven2/io/springfox/springfox-schema/3.0.0/springfox-schema-3.0.0.pom
2025-07-14 11:01:10,113 [Worker-60: Building] INFO  o.e.m.c.i.e.AbstractTransferListenerAdapter - Downloaded https://repo.maven.apache.org/maven2/io/springfox/springfox-schema/3.0.0/springfox-schema-3.0.0.pom
2025-07-14 11:01:10,151 [Worker-60: Building] INFO  o.e.m.c.i.e.AbstractTransferListenerAdapter - Downloading https://repo.maven.apache.org/maven2/io/springfox/springfox-spring-web/3.0.0/springfox-spring-web-3.0.0.pom
2025-07-14 11:01:10,157 [Worker-60: Building] INFO  o.e.m.c.i.e.AbstractTransferListenerAdapter - Downloaded https://repo.maven.apache.org/maven2/io/springfox/springfox-spring-web/3.0.0/springfox-spring-web-3.0.0.pom
2025-07-14 11:01:10,197 [Worker-60: Building] INFO  o.e.m.c.i.e.AbstractTransferListenerAdapter - Downloading https://repo.maven.apache.org/maven2/io/github/classgraph/classgraph/4.8.83/classgraph-4.8.83.pom
2025-07-14 11:01:10,210 [Worker-60: Building] INFO  o.e.m.c.i.e.AbstractTransferListenerAdapter - Downloaded https://repo.maven.apache.org/maven2/io/github/classgraph/classgraph/4.8.83/classgraph-4.8.83.pom
2025-07-14 11:01:10,251 [Worker-60: Building] INFO  o.e.m.c.i.e.AbstractTransferListenerAdapter - Downloading https://repo.maven.apache.org/maven2/io/springfox/springfox-spring-webmvc/3.0.0/springfox-spring-webmvc-3.0.0.pom
2025-07-14 11:01:10,258 [Worker-60: Building] INFO  o.e.m.c.i.e.AbstractTransferListenerAdapter - Downloaded https://repo.maven.apache.org/maven2/io/springfox/springfox-spring-webmvc/3.0.0/springfox-spring-webmvc-3.0.0.pom
2025-07-14 11:01:10,300 [Worker-60: Building] INFO  o.e.m.c.i.e.AbstractTransferListenerAdapter - Downloading https://repo.maven.apache.org/maven2/io/springfox/springfox-spring-webflux/3.0.0/springfox-spring-webflux-3.0.0.pom
2025-07-14 11:01:10,306 [Worker-60: Building] INFO  o.e.m.c.i.e.AbstractTransferListenerAdapter - Downloaded https://repo.maven.apache.org/maven2/io/springfox/springfox-spring-webflux/3.0.0/springfox-spring-webflux-3.0.0.pom
2025-07-14 11:01:10,349 [Worker-60: Building] INFO  o.e.m.c.i.e.AbstractTransferListenerAdapter - Downloading https://repo.maven.apache.org/maven2/io/springfox/springfox-swagger-common/3.0.0/springfox-swagger-common-3.0.0.pom
2025-07-14 11:01:10,355 [Worker-60: Building] INFO  o.e.m.c.i.e.AbstractTransferListenerAdapter - Downloaded https://repo.maven.apache.org/maven2/io/springfox/springfox-swagger-common/3.0.0/springfox-swagger-common-3.0.0.pom
2025-07-14 11:01:10,398 [Worker-60: Building] INFO  o.e.m.c.i.e.AbstractTransferListenerAdapter - Downloading https://repo.maven.apache.org/maven2/io/swagger/swagger-annotations/1.5.20/swagger-annotations-1.5.20.pom
2025-07-14 11:01:10,405 [Worker-60: Building] INFO  o.e.m.c.i.e.AbstractTransferListenerAdapter - Downloaded https://repo.maven.apache.org/maven2/io/swagger/swagger-annotations/1.5.20/swagger-annotations-1.5.20.pom
2025-07-14 11:01:10,444 [Worker-60: Building] INFO  o.e.m.c.i.e.AbstractTransferListenerAdapter - Downloading https://repo.maven.apache.org/maven2/io/swagger/swagger-project/1.5.20/swagger-project-1.5.20.pom
2025-07-14 11:01:10,454 [Worker-60: Building] INFO  o.e.m.c.i.e.AbstractTransferListenerAdapter - Downloaded https://repo.maven.apache.org/maven2/io/swagger/swagger-project/1.5.20/swagger-project-1.5.20.pom
2025-07-14 11:01:10,497 [Worker-60: Building] INFO  o.e.m.c.i.e.AbstractTransferListenerAdapter - Downloading https://repo.maven.apache.org/maven2/io/swagger/swagger-models/1.5.20/swagger-models-1.5.20.pom
2025-07-14 11:01:10,502 [Worker-60: Building] INFO  o.e.m.c.i.e.AbstractTransferListenerAdapter - Downloaded https://repo.maven.apache.org/maven2/io/swagger/swagger-models/1.5.20/swagger-models-1.5.20.pom
2025-07-14 11:01:10,543 [Worker-60: Building] INFO  o.e.m.c.i.e.AbstractTransferListenerAdapter - Downloading https://repo.maven.apache.org/maven2/org/mapstruct/mapstruct/1.3.1.Final/mapstruct-1.3.1.Final.pom
2025-07-14 11:01:10,550 [Worker-60: Building] INFO  o.e.m.c.i.e.AbstractTransferListenerAdapter - Downloaded https://repo.maven.apache.org/maven2/org/mapstruct/mapstruct/1.3.1.Final/mapstruct-1.3.1.Final.pom
2025-07-14 11:01:10,589 [Worker-60: Building] INFO  o.e.m.c.i.e.AbstractTransferListenerAdapter - Downloading https://repo.maven.apache.org/maven2/org/mapstruct/mapstruct-parent/1.3.1.Final/mapstruct-parent-1.3.1.Final.pom
2025-07-14 11:01:10,598 [Worker-60: Building] INFO  o.e.m.c.i.e.AbstractTransferListenerAdapter - Downloaded https://repo.maven.apache.org/maven2/org/mapstruct/mapstruct-parent/1.3.1.Final/mapstruct-parent-1.3.1.Final.pom
2025-07-14 11:01:10,636 [Worker-60: Building] INFO  o.e.m.c.i.e.AbstractTransferListenerAdapter - Downloading https://repo.maven.apache.org/maven2/org/jboss/arquillian/arquillian-bom/1.0.2.Final/arquillian-bom-1.0.2.Final.pom
2025-07-14 11:01:10,650 [Worker-60: Building] INFO  o.e.m.c.i.e.AbstractTransferListenerAdapter - Downloaded https://repo.maven.apache.org/maven2/org/jboss/arquillian/arquillian-bom/1.0.2.Final/arquillian-bom-1.0.2.Final.pom
2025-07-14 11:01:10,692 [Worker-60: Building] INFO  o.e.m.c.i.e.AbstractTransferListenerAdapter - Downloading https://repo.maven.apache.org/maven2/org/jboss/shrinkwrap/shrinkwrap-bom/1.0.1/shrinkwrap-bom-1.0.1.pom
2025-07-14 11:01:10,698 [Worker-60: Building] INFO  o.e.m.c.i.e.AbstractTransferListenerAdapter - Downloaded https://repo.maven.apache.org/maven2/org/jboss/shrinkwrap/shrinkwrap-bom/1.0.1/shrinkwrap-bom-1.0.1.pom
2025-07-14 11:01:10,737 [Worker-60: Building] INFO  o.e.m.c.i.e.AbstractTransferListenerAdapter - Downloading https://repo.maven.apache.org/maven2/org/jboss/shrinkwrap/resolver/shrinkwrap-resolver-bom/1.0.0-beta-7/shrinkwrap-resolver-bom-1.0.0-beta-7.pom
2025-07-14 11:01:10,743 [Worker-60: Building] INFO  o.e.m.c.i.e.AbstractTransferListenerAdapter - Downloaded https://repo.maven.apache.org/maven2/org/jboss/shrinkwrap/resolver/shrinkwrap-resolver-bom/1.0.0-beta-7/shrinkwrap-resolver-bom-1.0.0-beta-7.pom
2025-07-14 11:01:10,784 [Worker-60: Building] INFO  o.e.m.c.i.e.AbstractTransferListenerAdapter - Downloading https://repo.maven.apache.org/maven2/org/jboss/shrinkwrap/descriptors/shrinkwrap-descriptors-bom/2.0.0-alpha-3/shrinkwrap-descriptors-bom-2.0.0-alpha-3.pom
2025-07-14 11:01:10,792 [Worker-60: Building] INFO  o.e.m.c.i.e.AbstractTransferListenerAdapter - Downloaded https://repo.maven.apache.org/maven2/org/jboss/shrinkwrap/descriptors/shrinkwrap-descriptors-bom/2.0.0-alpha-3/shrinkwrap-descriptors-bom-2.0.0-alpha-3.pom
2025-07-14 11:01:10,835 [Worker-60: Building] INFO  o.e.m.c.i.e.AbstractTransferListenerAdapter - Downloading https://repo.maven.apache.org/maven2/io/springfox/springfox-data-rest/3.0.0/springfox-data-rest-3.0.0.pom
2025-07-14 11:01:10,841 [Worker-60: Building] INFO  o.e.m.c.i.e.AbstractTransferListenerAdapter - Downloaded https://repo.maven.apache.org/maven2/io/springfox/springfox-data-rest/3.0.0/springfox-data-rest-3.0.0.pom
2025-07-14 11:01:10,882 [Worker-60: Building] INFO  o.e.m.c.i.e.AbstractTransferListenerAdapter - Downloading https://repo.maven.apache.org/maven2/io/springfox/springfox-bean-validators/3.0.0/springfox-bean-validators-3.0.0.pom
2025-07-14 11:01:10,891 [Worker-60: Building] INFO  o.e.m.c.i.e.AbstractTransferListenerAdapter - Downloaded https://repo.maven.apache.org/maven2/io/springfox/springfox-bean-validators/3.0.0/springfox-bean-validators-3.0.0.pom
2025-07-14 11:01:10,932 [Worker-60: Building] INFO  o.e.m.c.i.e.AbstractTransferListenerAdapter - Downloading https://repo.maven.apache.org/maven2/io/springfox/springfox-swagger2/3.0.0/springfox-swagger2-3.0.0.pom
2025-07-14 11:01:10,939 [Worker-60: Building] INFO  o.e.m.c.i.e.AbstractTransferListenerAdapter - Downloaded https://repo.maven.apache.org/maven2/io/springfox/springfox-swagger2/3.0.0/springfox-swagger2-3.0.0.pom
2025-07-14 11:01:10,978 [Worker-60: Building] INFO  o.e.m.c.i.e.AbstractTransferListenerAdapter - Downloading https://repo.maven.apache.org/maven2/io/springfox/springfox-swagger-ui/3.0.0/springfox-swagger-ui-3.0.0.pom
2025-07-14 11:01:10,981 [Worker-60: Building] INFO  o.e.m.c.i.e.AbstractTransferListenerAdapter - Downloaded https://repo.maven.apache.org/maven2/io/springfox/springfox-swagger-ui/3.0.0/springfox-swagger-ui-3.0.0.pom
2025-07-14 11:01:11,090 [Worker-60: Building] INFO  o.e.m.c.i.e.AbstractTransferListenerAdapter - Downloading https://repo.maven.apache.org/maven2/io/springfox/springfox-boot-starter/3.0.0/springfox-boot-starter-3.0.0.jar
2025-07-14 11:01:11,097 [Worker-60: Building] INFO  o.e.m.c.i.e.AbstractTransferListenerAdapter - Downloaded https://repo.maven.apache.org/maven2/io/springfox/springfox-boot-starter/3.0.0/springfox-boot-starter-3.0.0.jar
2025-07-14 11:01:11,130 [BasicRepositoryConnector-repo.maven.apache.org-0-0] INFO  o.e.m.c.i.e.AbstractTransferListenerAdapter - Downloading https://repo.maven.apache.org/maven2/io/springfox/springfox-oas/3.0.0/springfox-oas-3.0.0.jar
2025-07-14 11:01:11,166 [BasicRepositoryConnector-repo.maven.apache.org-0-0] INFO  o.e.m.c.i.e.AbstractTransferListenerAdapter - Downloaded https://repo.maven.apache.org/maven2/io/springfox/springfox-oas/3.0.0/springfox-oas-3.0.0.jar
2025-07-14 11:01:11,192 [BasicRepositoryConnector-repo.maven.apache.org-0-2] INFO  o.e.m.c.i.e.AbstractTransferListenerAdapter - Downloading https://repo.maven.apache.org/maven2/io/swagger/core/v3/swagger-models/2.1.2/swagger-models-2.1.2.jar
2025-07-14 11:01:11,196 [BasicRepositoryConnector-repo.maven.apache.org-0-4] INFO  o.e.m.c.i.e.AbstractTransferListenerAdapter - Downloading https://repo.maven.apache.org/maven2/io/springfox/springfox-schema/3.0.0/springfox-schema-3.0.0.jar
2025-07-14 11:01:11,198 [BasicRepositoryConnector-repo.maven.apache.org-0-0] INFO  o.e.m.c.i.e.AbstractTransferListenerAdapter - Downloading https://repo.maven.apache.org/maven2/io/springfox/springfox-core/3.0.0/springfox-core-3.0.0.jar
2025-07-14 11:01:11,199 [BasicRepositoryConnector-repo.maven.apache.org-0-1] INFO  o.e.m.c.i.e.AbstractTransferListenerAdapter - Downloading https://repo.maven.apache.org/maven2/io/swagger/core/v3/swagger-annotations/2.1.2/swagger-annotations-2.1.2.jar
2025-07-14 11:01:11,200 [BasicRepositoryConnector-repo.maven.apache.org-0-3] INFO  o.e.m.c.i.e.AbstractTransferListenerAdapter - Downloading https://repo.maven.apache.org/maven2/io/springfox/springfox-spi/3.0.0/springfox-spi-3.0.0.jar
2025-07-14 11:01:11,216 [BasicRepositoryConnector-repo.maven.apache.org-0-1] INFO  o.e.m.c.i.e.AbstractTransferListenerAdapter - Downloaded https://repo.maven.apache.org/maven2/io/swagger/core/v3/swagger-annotations/2.1.2/swagger-annotations-2.1.2.jar
2025-07-14 11:01:11,249 [BasicRepositoryConnector-repo.maven.apache.org-0-1] INFO  o.e.m.c.i.e.AbstractTransferListenerAdapter - Downloading https://repo.maven.apache.org/maven2/io/springfox/springfox-spring-web/3.0.0/springfox-spring-web-3.0.0.jar
2025-07-14 11:01:11,252 [BasicRepositoryConnector-repo.maven.apache.org-0-3] INFO  o.e.m.c.i.e.AbstractTransferListenerAdapter - Downloaded https://repo.maven.apache.org/maven2/io/springfox/springfox-spi/3.0.0/springfox-spi-3.0.0.jar
2025-07-14 11:01:11,252 [BasicRepositoryConnector-repo.maven.apache.org-0-4] INFO  o.e.m.c.i.e.AbstractTransferListenerAdapter - Downloaded https://repo.maven.apache.org/maven2/io/springfox/springfox-schema/3.0.0/springfox-schema-3.0.0.jar
2025-07-14 11:01:11,263 [BasicRepositoryConnector-repo.maven.apache.org-0-2] INFO  o.e.m.c.i.e.AbstractTransferListenerAdapter - Downloaded https://repo.maven.apache.org/maven2/io/swagger/core/v3/swagger-models/2.1.2/swagger-models-2.1.2.jar
2025-07-14 11:01:11,264 [BasicRepositoryConnector-repo.maven.apache.org-0-0] INFO  o.e.m.c.i.e.AbstractTransferListenerAdapter - Downloaded https://repo.maven.apache.org/maven2/io/springfox/springfox-core/3.0.0/springfox-core-3.0.0.jar
2025-07-14 11:01:11,296 [BasicRepositoryConnector-repo.maven.apache.org-0-2] INFO  o.e.m.c.i.e.AbstractTransferListenerAdapter - Downloading https://repo.maven.apache.org/maven2/io/springfox/springfox-spring-webflux/3.0.0/springfox-spring-webflux-3.0.0.jar
2025-07-14 11:01:11,297 [BasicRepositoryConnector-repo.maven.apache.org-0-4] INFO  o.e.m.c.i.e.AbstractTransferListenerAdapter - Downloading https://repo.maven.apache.org/maven2/io/springfox/springfox-spring-webmvc/3.0.0/springfox-spring-webmvc-3.0.0.jar
2025-07-14 11:01:11,297 [BasicRepositoryConnector-repo.maven.apache.org-0-0] INFO  o.e.m.c.i.e.AbstractTransferListenerAdapter - Downloading https://repo.maven.apache.org/maven2/io/springfox/springfox-swagger-common/3.0.0/springfox-swagger-common-3.0.0.jar
2025-07-14 11:01:11,301 [BasicRepositoryConnector-repo.maven.apache.org-0-2] INFO  o.e.m.c.i.e.AbstractTransferListenerAdapter - Downloaded https://repo.maven.apache.org/maven2/io/springfox/springfox-spring-webflux/3.0.0/springfox-spring-webflux-3.0.0.jar
2025-07-14 11:01:11,308 [BasicRepositoryConnector-repo.maven.apache.org-0-4] INFO  o.e.m.c.i.e.AbstractTransferListenerAdapter - Downloaded https://repo.maven.apache.org/maven2/io/springfox/springfox-spring-webmvc/3.0.0/springfox-spring-webmvc-3.0.0.jar
2025-07-14 11:01:11,310 [BasicRepositoryConnector-repo.maven.apache.org-0-3] INFO  o.e.m.c.i.e.AbstractTransferListenerAdapter - Downloading https://repo.maven.apache.org/maven2/io/github/classgraph/classgraph/4.8.83/classgraph-4.8.83.jar
2025-07-14 11:01:11,315 [BasicRepositoryConnector-repo.maven.apache.org-0-0] INFO  o.e.m.c.i.e.AbstractTransferListenerAdapter - Downloaded https://repo.maven.apache.org/maven2/io/springfox/springfox-swagger-common/3.0.0/springfox-swagger-common-3.0.0.jar
2025-07-14 11:01:11,372 [BasicRepositoryConnector-repo.maven.apache.org-0-2] INFO  o.e.m.c.i.e.AbstractTransferListenerAdapter - Downloading https://repo.maven.apache.org/maven2/org/mapstruct/mapstruct/1.3.1.Final/mapstruct-1.3.1.Final.jar
2025-07-14 11:01:11,374 [BasicRepositoryConnector-repo.maven.apache.org-0-0] INFO  o.e.m.c.i.e.AbstractTransferListenerAdapter - Downloading https://repo.maven.apache.org/maven2/io/springfox/springfox-bean-validators/3.0.0/springfox-bean-validators-3.0.0.jar
2025-07-14 11:01:11,374 [BasicRepositoryConnector-repo.maven.apache.org-0-4] INFO  o.e.m.c.i.e.AbstractTransferListenerAdapter - Downloading https://repo.maven.apache.org/maven2/io/springfox/springfox-data-rest/3.0.0/springfox-data-rest-3.0.0.jar
2025-07-14 11:01:11,381 [BasicRepositoryConnector-repo.maven.apache.org-0-2] INFO  o.e.m.c.i.e.AbstractTransferListenerAdapter - Downloaded https://repo.maven.apache.org/maven2/org/mapstruct/mapstruct/1.3.1.Final/mapstruct-1.3.1.Final.jar
2025-07-14 11:01:11,392 [BasicRepositoryConnector-repo.maven.apache.org-0-0] INFO  o.e.m.c.i.e.AbstractTransferListenerAdapter - Downloaded https://repo.maven.apache.org/maven2/io/springfox/springfox-bean-validators/3.0.0/springfox-bean-validators-3.0.0.jar
2025-07-14 11:01:11,405 [BasicRepositoryConnector-repo.maven.apache.org-0-1] INFO  o.e.m.c.i.e.AbstractTransferListenerAdapter - Downloaded https://repo.maven.apache.org/maven2/io/springfox/springfox-spring-web/3.0.0/springfox-spring-web-3.0.0.jar
2025-07-14 11:01:11,425 [BasicRepositoryConnector-repo.maven.apache.org-0-4] INFO  o.e.m.c.i.e.AbstractTransferListenerAdapter - Downloaded https://repo.maven.apache.org/maven2/io/springfox/springfox-data-rest/3.0.0/springfox-data-rest-3.0.0.jar
2025-07-14 11:01:11,452 [BasicRepositoryConnector-repo.maven.apache.org-0-0] INFO  o.e.m.c.i.e.AbstractTransferListenerAdapter - Downloading https://repo.maven.apache.org/maven2/io/swagger/swagger-annotations/1.5.20/swagger-annotations-1.5.20.jar
2025-07-14 11:01:11,454 [BasicRepositoryConnector-repo.maven.apache.org-0-1] INFO  o.e.m.c.i.e.AbstractTransferListenerAdapter - Downloading https://repo.maven.apache.org/maven2/io/swagger/swagger-models/1.5.20/swagger-models-1.5.20.jar
2025-07-14 11:01:11,461 [BasicRepositoryConnector-repo.maven.apache.org-0-2] INFO  o.e.m.c.i.e.AbstractTransferListenerAdapter - Downloading https://repo.maven.apache.org/maven2/io/springfox/springfox-swagger2/3.0.0/springfox-swagger2-3.0.0.jar
2025-07-14 11:01:11,463 [BasicRepositoryConnector-repo.maven.apache.org-0-4] INFO  o.e.m.c.i.e.AbstractTransferListenerAdapter - Downloading https://repo.maven.apache.org/maven2/io/springfox/springfox-swagger-ui/3.0.0/springfox-swagger-ui-3.0.0.jar
2025-07-14 11:01:11,468 [BasicRepositoryConnector-repo.maven.apache.org-0-0] INFO  o.e.m.c.i.e.AbstractTransferListenerAdapter - Downloaded https://repo.maven.apache.org/maven2/io/swagger/swagger-annotations/1.5.20/swagger-annotations-1.5.20.jar
2025-07-14 11:01:11,482 [BasicRepositoryConnector-repo.maven.apache.org-0-2] INFO  o.e.m.c.i.e.AbstractTransferListenerAdapter - Downloaded https://repo.maven.apache.org/maven2/io/springfox/springfox-swagger2/3.0.0/springfox-swagger2-3.0.0.jar
2025-07-14 11:01:11,489 [BasicRepositoryConnector-repo.maven.apache.org-0-3] INFO  o.e.m.c.i.e.AbstractTransferListenerAdapter - Downloaded https://repo.maven.apache.org/maven2/io/github/classgraph/classgraph/4.8.83/classgraph-4.8.83.jar
2025-07-14 11:01:11,516 [BasicRepositoryConnector-repo.maven.apache.org-0-2] INFO  o.e.m.c.i.e.AbstractTransferListenerAdapter - Downloading https://repo.maven.apache.org/maven2/org/springframework/plugin/spring-plugin-metadata/2.0.0.RELEASE/spring-plugin-metadata-2.0.0.RELEASE.jar
2025-07-14 11:01:11,517 [BasicRepositoryConnector-repo.maven.apache.org-0-0] INFO  o.e.m.c.i.e.AbstractTransferListenerAdapter - Downloading https://repo.maven.apache.org/maven2/org/springframework/plugin/spring-plugin-core/2.0.0.RELEASE/spring-plugin-core-2.0.0.RELEASE.jar
2025-07-14 11:01:11,522 [BasicRepositoryConnector-repo.maven.apache.org-0-2] INFO  o.e.m.c.i.e.AbstractTransferListenerAdapter - Downloaded https://repo.maven.apache.org/maven2/org/springframework/plugin/spring-plugin-metadata/2.0.0.RELEASE/spring-plugin-metadata-2.0.0.RELEASE.jar
2025-07-14 11:01:11,527 [BasicRepositoryConnector-repo.maven.apache.org-0-0] INFO  o.e.m.c.i.e.AbstractTransferListenerAdapter - Downloaded https://repo.maven.apache.org/maven2/org/springframework/plugin/spring-plugin-core/2.0.0.RELEASE/spring-plugin-core-2.0.0.RELEASE.jar
2025-07-14 11:01:11,551 [BasicRepositoryConnector-repo.maven.apache.org-0-1] INFO  o.e.m.c.i.e.AbstractTransferListenerAdapter - Downloaded https://repo.maven.apache.org/maven2/io/swagger/swagger-models/1.5.20/swagger-models-1.5.20.jar
2025-07-14 11:01:12,232 [BasicRepositoryConnector-repo.maven.apache.org-0-4] INFO  o.e.m.c.i.e.AbstractTransferListenerAdapter - Downloaded https://repo.maven.apache.org/maven2/io/springfox/springfox-swagger-ui/3.0.0/springfox-swagger-ui-3.0.0.jar
2025-07-14 11:01:12,605 [Worker-60: Building] INFO  o.e.m.c.i.embedder.EclipseLogger - Using 'UTF-8' encoding to copy filtered resources.
2025-07-14 11:01:12,605 [Worker-60: Building] INFO  o.e.m.c.i.embedder.EclipseLogger - Using 'UTF-8' encoding to copy filtered properties files.
2025-07-14 11:01:12,609 [Worker-60: Building] INFO  o.e.m.c.i.embedder.EclipseLogger - Copying 0 resource
2025-07-14 11:01:12,610 [Worker-60: Building] INFO  o.e.m.c.i.embedder.EclipseLogger - Copying 0 resource
2025-07-14 11:01:12,616 [Worker-60: Building] INFO  o.e.m.c.i.embedder.EclipseLogger - Using 'UTF-8' encoding to copy filtered resources.
2025-07-14 11:01:12,616 [Worker-60: Building] INFO  o.e.m.c.i.embedder.EclipseLogger - Using 'UTF-8' encoding to copy filtered properties files.
2025-07-14 11:01:12,616 [Worker-60: Building] INFO  o.e.m.c.i.embedder.EclipseLogger - skip non existing resourceDirectory C:\Users\muruk\Documents\Desafio completo\Sistema_back\Sistema\src\test\resources
2025-07-14 11:01:13,472 [Worker-65: Download sources and javadoc] INFO  o.e.m.c.i.e.AbstractTransferListenerAdapter - Downloading https://repo.maven.apache.org/maven2/io/springfox/springfox-boot-starter/3.0.0/springfox-boot-starter-3.0.0-sources.jar
2025-07-14 11:01:13,478 [Worker-65: Download sources and javadoc] INFO  o.e.m.c.i.e.AbstractTransferListenerAdapter - Downloaded https://repo.maven.apache.org/maven2/io/springfox/springfox-boot-starter/3.0.0/springfox-boot-starter-3.0.0-sources.jar
2025-07-14 11:01:13,484 [Worker-65: Download sources and javadoc] INFO  o.e.m.j.internal.DownloadSourcesJob - Downloaded sources for io.springfox:springfox-boot-starter:3.0.0
2025-07-14 11:01:13,587 [Worker-65: Download sources and javadoc] INFO  o.e.m.c.i.e.AbstractTransferListenerAdapter - Downloading https://repo.maven.apache.org/maven2/io/springfox/springfox-oas/3.0.0/springfox-oas-3.0.0-sources.jar
2025-07-14 11:01:13,601 [Worker-65: Download sources and javadoc] INFO  o.e.m.c.i.e.AbstractTransferListenerAdapter - Downloaded https://repo.maven.apache.org/maven2/io/springfox/springfox-oas/3.0.0/springfox-oas-3.0.0-sources.jar
2025-07-14 11:01:13,605 [Worker-65: Download sources and javadoc] INFO  o.e.m.j.internal.DownloadSourcesJob - Downloaded sources for io.springfox:springfox-oas:3.0.0
2025-07-14 11:01:13,721 [Worker-65: Download sources and javadoc] INFO  o.e.m.c.i.e.AbstractTransferListenerAdapter - Downloading https://repo.maven.apache.org/maven2/io/swagger/core/v3/swagger-annotations/2.1.2/swagger-annotations-2.1.2-sources.jar
2025-07-14 11:01:13,755 [Worker-65: Download sources and javadoc] INFO  o.e.m.c.i.e.AbstractTransferListenerAdapter - Downloaded https://repo.maven.apache.org/maven2/io/swagger/core/v3/swagger-annotations/2.1.2/swagger-annotations-2.1.2-sources.jar
2025-07-14 11:01:13,762 [Worker-65: Download sources and javadoc] INFO  o.e.m.j.internal.DownloadSourcesJob - Downloaded sources for io.swagger.core.v3:swagger-annotations:2.1.2
2025-07-14 11:01:13,883 [Worker-65: Download sources and javadoc] INFO  o.e.m.c.i.e.AbstractTransferListenerAdapter - Downloading https://repo.maven.apache.org/maven2/io/swagger/core/v3/swagger-models/2.1.2/swagger-models-2.1.2-sources.jar
2025-07-14 11:01:13,927 [Worker-65: Download sources and javadoc] INFO  o.e.m.c.i.e.AbstractTransferListenerAdapter - Downloaded https://repo.maven.apache.org/maven2/io/swagger/core/v3/swagger-models/2.1.2/swagger-models-2.1.2-sources.jar
2025-07-14 11:01:13,931 [Worker-65: Download sources and javadoc] INFO  o.e.m.j.internal.DownloadSourcesJob - Downloaded sources for io.swagger.core.v3:swagger-models:2.1.2
2025-07-14 11:01:14,043 [Worker-65: Download sources and javadoc] INFO  o.e.m.c.i.e.AbstractTransferListenerAdapter - Downloading https://repo.maven.apache.org/maven2/io/springfox/springfox-spi/3.0.0/springfox-spi-3.0.0-sources.jar
2025-07-14 11:01:14,077 [Worker-65: Download sources and javadoc] INFO  o.e.m.c.i.e.AbstractTransferListenerAdapter - Downloaded https://repo.maven.apache.org/maven2/io/springfox/springfox-spi/3.0.0/springfox-spi-3.0.0-sources.jar
2025-07-14 11:01:14,081 [Worker-65: Download sources and javadoc] INFO  o.e.m.j.internal.DownloadSourcesJob - Downloaded sources for io.springfox:springfox-spi:3.0.0
2025-07-14 11:01:14,185 [Worker-68: Building] INFO  o.e.m.c.i.embedder.EclipseLogger - Using 'UTF-8' encoding to copy filtered resources.
2025-07-14 11:01:14,185 [Worker-68: Building] INFO  o.e.m.c.i.embedder.EclipseLogger - Using 'UTF-8' encoding to copy filtered properties files.
2025-07-14 11:01:14,185 [Worker-68: Building] INFO  o.e.m.c.i.embedder.EclipseLogger - Copying 1 resource
2025-07-14 11:01:14,196 [Worker-65: Download sources and javadoc] INFO  o.e.m.c.i.e.AbstractTransferListenerAdapter - Downloading https://repo.maven.apache.org/maven2/io/springfox/springfox-schema/3.0.0/springfox-schema-3.0.0-sources.jar
2025-07-14 11:01:14,205 [Worker-68: Building] INFO  o.e.m.c.i.embedder.EclipseLogger - Copying 0 resource
2025-07-14 11:01:14,210 [Worker-68: Building] INFO  o.e.m.c.i.embedder.EclipseLogger - Using 'UTF-8' encoding to copy filtered resources.
2025-07-14 11:01:14,210 [Worker-68: Building] INFO  o.e.m.c.i.embedder.EclipseLogger - Using 'UTF-8' encoding to copy filtered properties files.
2025-07-14 11:01:14,210 [Worker-68: Building] INFO  o.e.m.c.i.embedder.EclipseLogger - skip non existing resourceDirectory C:\Users\muruk\Documents\Desafio completo\Sistema_back\Sistema\src\test\resources
2025-07-14 11:01:14,234 [Worker-65: Download sources and javadoc] INFO  o.e.m.c.i.e.AbstractTransferListenerAdapter - Downloaded https://repo.maven.apache.org/maven2/io/springfox/springfox-schema/3.0.0/springfox-schema-3.0.0-sources.jar
2025-07-14 11:01:14,240 [Worker-65: Download sources and javadoc] INFO  o.e.m.j.internal.DownloadSourcesJob - Downloaded sources for io.springfox:springfox-schema:3.0.0
2025-07-14 11:01:14,360 [Worker-65: Download sources and javadoc] INFO  o.e.m.c.i.e.AbstractTransferListenerAdapter - Downloading https://repo.maven.apache.org/maven2/io/springfox/springfox-core/3.0.0/springfox-core-3.0.0-sources.jar
2025-07-14 11:01:14,437 [Worker-65: Download sources and javadoc] INFO  o.e.m.c.i.e.AbstractTransferListenerAdapter - Downloaded https://repo.maven.apache.org/maven2/io/springfox/springfox-core/3.0.0/springfox-core-3.0.0-sources.jar
2025-07-14 11:01:14,442 [Worker-65: Download sources and javadoc] INFO  o.e.m.j.internal.DownloadSourcesJob - Downloaded sources for io.springfox:springfox-core:3.0.0
2025-07-14 11:01:14,541 [Worker-65: Download sources and javadoc] INFO  o.e.m.c.i.e.AbstractTransferListenerAdapter - Downloading https://repo.maven.apache.org/maven2/io/springfox/springfox-spring-web/3.0.0/springfox-spring-web-3.0.0-sources.jar
2025-07-14 11:01:14,601 [Worker-65: Download sources and javadoc] INFO  o.e.m.c.i.e.AbstractTransferListenerAdapter - Downloaded https://repo.maven.apache.org/maven2/io/springfox/springfox-spring-web/3.0.0/springfox-spring-web-3.0.0-sources.jar
2025-07-14 11:01:14,603 [Worker-65: Download sources and javadoc] INFO  o.e.m.j.internal.DownloadSourcesJob - Downloaded sources for io.springfox:springfox-spring-web:3.0.0
2025-07-14 11:01:14,699 [Worker-65: Download sources and javadoc] INFO  o.e.m.c.i.e.AbstractTransferListenerAdapter - Downloading https://repo.maven.apache.org/maven2/io/github/classgraph/classgraph/4.8.83/classgraph-4.8.83-sources.jar
2025-07-14 11:01:14,827 [Worker-65: Download sources and javadoc] INFO  o.e.m.c.i.e.AbstractTransferListenerAdapter - Downloaded https://repo.maven.apache.org/maven2/io/github/classgraph/classgraph/4.8.83/classgraph-4.8.83-sources.jar
2025-07-14 11:01:14,829 [Worker-65: Download sources and javadoc] INFO  o.e.m.j.internal.DownloadSourcesJob - Downloaded sources for io.github.classgraph:classgraph:4.8.83
2025-07-14 11:01:14,933 [Worker-65: Download sources and javadoc] INFO  o.e.m.c.i.e.AbstractTransferListenerAdapter - Downloading https://repo.maven.apache.org/maven2/io/springfox/springfox-spring-webmvc/3.0.0/springfox-spring-webmvc-3.0.0-sources.jar
2025-07-14 11:01:14,938 [Worker-65: Download sources and javadoc] INFO  o.e.m.c.i.e.AbstractTransferListenerAdapter - Downloaded https://repo.maven.apache.org/maven2/io/springfox/springfox-spring-webmvc/3.0.0/springfox-spring-webmvc-3.0.0-sources.jar
2025-07-14 11:01:14,942 [Worker-65: Download sources and javadoc] INFO  o.e.m.j.internal.DownloadSourcesJob - Downloaded sources for io.springfox:springfox-spring-webmvc:3.0.0
2025-07-14 11:01:15,043 [Worker-65: Download sources and javadoc] INFO  o.e.m.c.i.e.AbstractTransferListenerAdapter - Downloading https://repo.maven.apache.org/maven2/io/springfox/springfox-spring-webflux/3.0.0/springfox-spring-webflux-3.0.0-sources.jar
2025-07-14 11:01:15,050 [Worker-65: Download sources and javadoc] INFO  o.e.m.c.i.e.AbstractTransferListenerAdapter - Downloaded https://repo.maven.apache.org/maven2/io/springfox/springfox-spring-webflux/3.0.0/springfox-spring-webflux-3.0.0-sources.jar
2025-07-14 11:01:15,054 [Worker-65: Download sources and javadoc] INFO  o.e.m.j.internal.DownloadSourcesJob - Downloaded sources for io.springfox:springfox-spring-webflux:3.0.0
2025-07-14 11:01:15,153 [Worker-65: Download sources and javadoc] INFO  o.e.m.c.i.e.AbstractTransferListenerAdapter - Downloading https://repo.maven.apache.org/maven2/io/springfox/springfox-swagger-common/3.0.0/springfox-swagger-common-3.0.0-sources.jar
2025-07-14 11:01:15,194 [Worker-65: Download sources and javadoc] INFO  o.e.m.c.i.e.AbstractTransferListenerAdapter - Downloaded https://repo.maven.apache.org/maven2/io/springfox/springfox-swagger-common/3.0.0/springfox-swagger-common-3.0.0-sources.jar
2025-07-14 11:01:15,199 [Worker-65: Download sources and javadoc] INFO  o.e.m.j.internal.DownloadSourcesJob - Downloaded sources for io.springfox:springfox-swagger-common:3.0.0
2025-07-14 11:01:15,300 [Worker-65: Download sources and javadoc] INFO  o.e.m.c.i.e.AbstractTransferListenerAdapter - Downloading https://repo.maven.apache.org/maven2/org/mapstruct/mapstruct/1.3.1.Final/mapstruct-1.3.1.Final-sources.jar
2025-07-14 11:01:15,335 [Worker-65: Download sources and javadoc] INFO  o.e.m.c.i.e.AbstractTransferListenerAdapter - Downloaded https://repo.maven.apache.org/maven2/org/mapstruct/mapstruct/1.3.1.Final/mapstruct-1.3.1.Final-sources.jar
2025-07-14 11:01:15,339 [Worker-65: Download sources and javadoc] INFO  o.e.m.j.internal.DownloadSourcesJob - Downloaded sources for org.mapstruct:mapstruct:1.3.1.Final
2025-07-14 11:01:15,438 [Worker-65: Download sources and javadoc] INFO  o.e.m.c.i.e.AbstractTransferListenerAdapter - Downloading https://repo.maven.apache.org/maven2/io/springfox/springfox-data-rest/3.0.0/springfox-data-rest-3.0.0-sources.jar
2025-07-14 11:01:15,453 [Worker-65: Download sources and javadoc] INFO  o.e.m.c.i.e.AbstractTransferListenerAdapter - Downloaded https://repo.maven.apache.org/maven2/io/springfox/springfox-data-rest/3.0.0/springfox-data-rest-3.0.0-sources.jar
2025-07-14 11:01:15,459 [Worker-65: Download sources and javadoc] INFO  o.e.m.j.internal.DownloadSourcesJob - Downloaded sources for io.springfox:springfox-data-rest:3.0.0
2025-07-14 11:01:15,562 [Worker-65: Download sources and javadoc] INFO  o.e.m.c.i.e.AbstractTransferListenerAdapter - Downloading https://repo.maven.apache.org/maven2/io/springfox/springfox-bean-validators/3.0.0/springfox-bean-validators-3.0.0-sources.jar
2025-07-14 11:01:15,569 [Worker-65: Download sources and javadoc] INFO  o.e.m.c.i.e.AbstractTransferListenerAdapter - Downloaded https://repo.maven.apache.org/maven2/io/springfox/springfox-bean-validators/3.0.0/springfox-bean-validators-3.0.0-sources.jar
2025-07-14 11:01:15,574 [Worker-65: Download sources and javadoc] INFO  o.e.m.j.internal.DownloadSourcesJob - Downloaded sources for io.springfox:springfox-bean-validators:3.0.0
2025-07-14 11:01:15,675 [Worker-65: Download sources and javadoc] INFO  o.e.m.c.i.e.AbstractTransferListenerAdapter - Downloading https://repo.maven.apache.org/maven2/io/springfox/springfox-swagger2/3.0.0/springfox-swagger2-3.0.0-sources.jar
2025-07-14 11:01:15,714 [Worker-65: Download sources and javadoc] INFO  o.e.m.c.i.e.AbstractTransferListenerAdapter - Downloaded https://repo.maven.apache.org/maven2/io/springfox/springfox-swagger2/3.0.0/springfox-swagger2-3.0.0-sources.jar
2025-07-14 11:01:15,718 [Worker-65: Download sources and javadoc] INFO  o.e.m.j.internal.DownloadSourcesJob - Downloaded sources for io.springfox:springfox-swagger2:3.0.0
2025-07-14 11:01:15,819 [Worker-65: Download sources and javadoc] INFO  o.e.m.c.i.e.AbstractTransferListenerAdapter - Downloading https://repo.maven.apache.org/maven2/io/swagger/swagger-annotations/1.5.20/swagger-annotations-1.5.20-sources.jar
2025-07-14 11:01:15,830 [Worker-65: Download sources and javadoc] INFO  o.e.m.c.i.e.AbstractTransferListenerAdapter - Downloaded https://repo.maven.apache.org/maven2/io/swagger/swagger-annotations/1.5.20/swagger-annotations-1.5.20-sources.jar
2025-07-14 11:01:15,833 [Worker-65: Download sources and javadoc] INFO  o.e.m.j.internal.DownloadSourcesJob - Downloaded sources for io.swagger:swagger-annotations:1.5.20
2025-07-14 11:01:15,932 [Worker-65: Download sources and javadoc] INFO  o.e.m.c.i.e.AbstractTransferListenerAdapter - Downloading https://repo.maven.apache.org/maven2/io/swagger/swagger-models/1.5.20/swagger-models-1.5.20-sources.jar
2025-07-14 11:01:15,969 [Worker-65: Download sources and javadoc] INFO  o.e.m.c.i.e.AbstractTransferListenerAdapter - Downloaded https://repo.maven.apache.org/maven2/io/swagger/swagger-models/1.5.20/swagger-models-1.5.20-sources.jar
2025-07-14 11:01:15,971 [Worker-65: Download sources and javadoc] INFO  o.e.m.j.internal.DownloadSourcesJob - Downloaded sources for io.swagger:swagger-models:1.5.20
2025-07-14 11:01:16,073 [Worker-65: Download sources and javadoc] INFO  o.e.m.c.i.e.AbstractTransferListenerAdapter - Downloading https://repo.maven.apache.org/maven2/io/springfox/springfox-swagger-ui/3.0.0/springfox-swagger-ui-3.0.0-sources.jar
2025-07-14 11:01:16,077 [Worker-65: Download sources and javadoc] INFO  o.e.m.c.i.e.AbstractTransferListenerAdapter - Downloaded https://repo.maven.apache.org/maven2/io/springfox/springfox-swagger-ui/3.0.0/springfox-swagger-ui-3.0.0-sources.jar
2025-07-14 11:01:16,082 [Worker-65: Download sources and javadoc] INFO  o.e.m.j.internal.DownloadSourcesJob - Downloaded sources for io.springfox:springfox-swagger-ui:3.0.0
2025-07-14 11:01:16,290 [Worker-65: Download sources and javadoc] INFO  o.e.m.c.i.e.AbstractTransferListenerAdapter - Downloading https://repo.maven.apache.org/maven2/org/springframework/plugin/spring-plugin-core/2.0.0.RELEASE/spring-plugin-core-2.0.0.RELEASE-sources.jar
2025-07-14 11:01:16,304 [Worker-65: Download sources and javadoc] INFO  o.e.m.c.i.e.AbstractTransferListenerAdapter - Downloaded https://repo.maven.apache.org/maven2/org/springframework/plugin/spring-plugin-core/2.0.0.RELEASE/spring-plugin-core-2.0.0.RELEASE-sources.jar
2025-07-14 11:01:16,308 [Worker-65: Download sources and javadoc] INFO  o.e.m.j.internal.DownloadSourcesJob - Downloaded sources for org.springframework.plugin:spring-plugin-core:2.0.0.RELEASE
2025-07-14 11:01:16,405 [Worker-65: Download sources and javadoc] INFO  o.e.m.c.i.e.AbstractTransferListenerAdapter - Downloading https://repo.maven.apache.org/maven2/org/springframework/plugin/spring-plugin-metadata/2.0.0.RELEASE/spring-plugin-metadata-2.0.0.RELEASE-sources.jar
2025-07-14 11:01:16,415 [Worker-65: Download sources and javadoc] INFO  o.e.m.c.i.e.AbstractTransferListenerAdapter - Downloaded https://repo.maven.apache.org/maven2/org/springframework/plugin/spring-plugin-metadata/2.0.0.RELEASE/spring-plugin-metadata-2.0.0.RELEASE-sources.jar
2025-07-14 11:01:16,419 [Worker-65: Download sources and javadoc] INFO  o.e.m.j.internal.DownloadSourcesJob - Downloaded sources for org.springframework.plugin:spring-plugin-metadata:2.0.0.RELEASE
2025-07-14 11:01:48,759 [Worker-65: Building] INFO  o.e.m.c.i.embedder.EclipseLogger - Using 'UTF-8' encoding to copy filtered resources.
2025-07-14 11:01:48,759 [Worker-65: Building] INFO  o.e.m.c.i.embedder.EclipseLogger - Using 'UTF-8' encoding to copy filtered properties files.
2025-07-14 11:01:48,759 [Worker-65: Building] INFO  o.e.m.c.i.embedder.EclipseLogger - Copying 1 resource
2025-07-14 11:01:48,765 [Worker-65: Building] INFO  o.e.m.c.i.embedder.EclipseLogger - Copying 0 resource
2025-07-14 11:01:48,768 [Worker-65: Building] INFO  o.e.m.c.i.embedder.EclipseLogger - Using 'UTF-8' encoding to copy filtered resources.
2025-07-14 11:01:48,768 [Worker-65: Building] INFO  o.e.m.c.i.embedder.EclipseLogger - Using 'UTF-8' encoding to copy filtered properties files.
2025-07-14 11:01:48,768 [Worker-65: Building] INFO  o.e.m.c.i.embedder.EclipseLogger - skip non existing resourceDirectory C:\Users\muruk\Documents\Desafio completo\Sistema_back\Sistema\src\test\resources
2025-07-14 11:02:08,026 [Worker-69: Building] INFO  o.e.m.c.i.embedder.EclipseLogger - Using 'UTF-8' encoding to copy filtered resources.
2025-07-14 11:02:08,027 [Worker-69: Building] INFO  o.e.m.c.i.embedder.EclipseLogger - Using 'UTF-8' encoding to copy filtered properties files.
2025-07-14 11:02:08,027 [Worker-69: Building] INFO  o.e.m.c.i.embedder.EclipseLogger - Copying 1 resource
2025-07-14 11:02:08,037 [Worker-69: Building] INFO  o.e.m.c.i.embedder.EclipseLogger - Copying 0 resource
2025-07-14 11:02:08,043 [Worker-69: Building] INFO  o.e.m.c.i.embedder.EclipseLogger - Using 'UTF-8' encoding to copy filtered resources.
2025-07-14 11:02:08,043 [Worker-69: Building] INFO  o.e.m.c.i.embedder.EclipseLogger - Using 'UTF-8' encoding to copy filtered properties files.
2025-07-14 11:02:08,043 [Worker-69: Building] INFO  o.e.m.c.i.embedder.EclipseLogger - skip non existing resourceDirectory C:\Users\muruk\Documents\Desafio completo\Sistema_back\Sistema\src\test\resources
2025-07-14 11:11:31,603 [Worker-78: Building] INFO  o.e.m.c.i.embedder.EclipseLogger - Using 'UTF-8' encoding to copy filtered resources.
2025-07-14 11:11:31,604 [Worker-78: Building] INFO  o.e.m.c.i.embedder.EclipseLogger - Using 'UTF-8' encoding to copy filtered properties files.
2025-07-14 11:11:31,604 [Worker-78: Building] INFO  o.e.m.c.i.embedder.EclipseLogger - Copying 1 resource
2025-07-14 11:11:31,612 [Worker-78: Building] INFO  o.e.m.c.i.embedder.EclipseLogger - Copying 0 resource
2025-07-14 11:11:31,616 [Worker-78: Building] INFO  o.e.m.c.i.embedder.EclipseLogger - Using 'UTF-8' encoding to copy filtered resources.
2025-07-14 11:11:31,616 [Worker-78: Building] INFO  o.e.m.c.i.embedder.EclipseLogger - Using 'UTF-8' encoding to copy filtered properties files.
2025-07-14 11:11:31,616 [Worker-78: Building] INFO  o.e.m.c.i.embedder.EclipseLogger - skip non existing resourceDirectory C:\Users\muruk\Documents\Desafio completo\Sistema_back\Sistema\src\test\resources
2025-07-14 11:11:59,118 [Worker-78: Building] INFO  o.e.m.c.i.l.LifecycleMappingFactory - Using org.eclipse.m2e.jdt.JarLifecycleMapping lifecycle mapping for MavenProject: br.com.sistema:Sistema:0.0.1-SNAPSHOT @ C:\Users\muruk\Documents\Desafio completo\Sistema_back\Sistema\pom.xml.
2025-07-14 11:11:59,412 [Worker-78: Building] INFO  o.e.m.c.i.e.AbstractTransferListenerAdapter - Downloading https://repo.maven.apache.org/maven2/org/springdoc/springdoc-openapi-ui/1.6.14/springdoc-openapi-ui-1.6.14.pom
2025-07-14 11:11:59,420 [Worker-78: Building] INFO  o.e.m.c.i.e.AbstractTransferListenerAdapter - Downloaded https://repo.maven.apache.org/maven2/org/springdoc/springdoc-openapi-ui/1.6.14/springdoc-openapi-ui-1.6.14.pom
2025-07-14 11:11:59,457 [Worker-78: Building] INFO  o.e.m.c.i.e.AbstractTransferListenerAdapter - Downloading https://repo.maven.apache.org/maven2/org/springdoc/springdoc-openapi/1.6.14/springdoc-openapi-1.6.14.pom
2025-07-14 11:11:59,461 [Worker-78: Building] INFO  o.e.m.c.i.e.AbstractTransferListenerAdapter - Downloaded https://repo.maven.apache.org/maven2/org/springdoc/springdoc-openapi/1.6.14/springdoc-openapi-1.6.14.pom
2025-07-14 11:11:59,496 [Worker-78: Building] INFO  o.e.m.c.i.e.AbstractTransferListenerAdapter - Downloading https://repo.maven.apache.org/maven2/org/springframework/boot/spring-boot-starter-parent/2.7.6/spring-boot-starter-parent-2.7.6.pom
2025-07-14 11:11:59,501 [Worker-78: Building] INFO  o.e.m.c.i.e.AbstractTransferListenerAdapter - Downloaded https://repo.maven.apache.org/maven2/org/springframework/boot/spring-boot-starter-parent/2.7.6/spring-boot-starter-parent-2.7.6.pom
2025-07-14 11:11:59,538 [Worker-78: Building] INFO  o.e.m.c.i.e.AbstractTransferListenerAdapter - Downloading https://repo.maven.apache.org/maven2/org/springframework/boot/spring-boot-dependencies/2.7.6/spring-boot-dependencies-2.7.6.pom
2025-07-14 11:11:59,600 [Worker-78: Building] INFO  o.e.m.c.i.e.AbstractTransferListenerAdapter - Downloaded https://repo.maven.apache.org/maven2/org/springframework/boot/spring-boot-dependencies/2.7.6/spring-boot-dependencies-2.7.6.pom
2025-07-14 11:11:59,638 [Worker-78: Building] INFO  o.e.m.c.i.e.AbstractTransferListenerAdapter - Downloading https://repo.maven.apache.org/maven2/io/dropwizard/metrics/metrics-bom/4.2.13/metrics-bom-4.2.13.pom
2025-07-14 11:11:59,643 [Worker-78: Building] INFO  o.e.m.c.i.e.AbstractTransferListenerAdapter - Downloaded https://repo.maven.apache.org/maven2/io/dropwizard/metrics/metrics-bom/4.2.13/metrics-bom-4.2.13.pom
2025-07-14 11:11:59,682 [Worker-78: Building] INFO  o.e.m.c.i.e.AbstractTransferListenerAdapter - Downloading https://repo.maven.apache.org/maven2/io/dropwizard/metrics/metrics-parent/4.2.13/metrics-parent-4.2.13.pom
2025-07-14 11:11:59,687 [Worker-78: Building] INFO  o.e.m.c.i.e.AbstractTransferListenerAdapter - Downloaded https://repo.maven.apache.org/maven2/io/dropwizard/metrics/metrics-parent/4.2.13/metrics-parent-4.2.13.pom
2025-07-14 11:11:59,728 [Worker-78: Building] INFO  o.e.m.c.i.e.AbstractTransferListenerAdapter - Downloading https://repo.maven.apache.org/maven2/org/infinispan/infinispan-bom/13.0.12.Final/infinispan-bom-13.0.12.Final.pom
2025-07-14 11:11:59,736 [Worker-78: Building] INFO  o.e.m.c.i.e.AbstractTransferListenerAdapter - Downloaded https://repo.maven.apache.org/maven2/org/infinispan/infinispan-bom/13.0.12.Final/infinispan-bom-13.0.12.Final.pom
2025-07-14 11:11:59,776 [Worker-78: Building] INFO  o.e.m.c.i.e.AbstractTransferListenerAdapter - Downloading https://repo.maven.apache.org/maven2/org/infinispan/infinispan-build-configuration-parent/13.0.12.Final/infinispan-build-configuration-parent-13.0.12.Final.pom
2025-07-14 11:11:59,783 [Worker-78: Building] INFO  o.e.m.c.i.e.AbstractTransferListenerAdapter - Downloaded https://repo.maven.apache.org/maven2/org/infinispan/infinispan-build-configuration-parent/13.0.12.Final/infinispan-build-configuration-parent-13.0.12.Final.pom
2025-07-14 11:11:59,826 [Worker-78: Building] INFO  o.e.m.c.i.e.AbstractTransferListenerAdapter - Downloading https://repo.maven.apache.org/maven2/com/fasterxml/jackson/jackson-bom/2.13.4.20221013/jackson-bom-2.13.4.20221013.pom
2025-07-14 11:11:59,834 [Worker-78: Building] INFO  o.e.m.c.i.e.AbstractTransferListenerAdapter - Downloaded https://repo.maven.apache.org/maven2/com/fasterxml/jackson/jackson-bom/2.13.4.20221013/jackson-bom-2.13.4.20221013.pom
2025-07-14 11:11:59,879 [Worker-78: Building] INFO  o.e.m.c.i.e.AbstractTransferListenerAdapter - Downloading https://repo.maven.apache.org/maven2/io/micrometer/micrometer-bom/1.9.6/micrometer-bom-1.9.6.pom
2025-07-14 11:11:59,889 [Worker-78: Building] INFO  o.e.m.c.i.e.AbstractTransferListenerAdapter - Downloaded https://repo.maven.apache.org/maven2/io/micrometer/micrometer-bom/1.9.6/micrometer-bom-1.9.6.pom
2025-07-14 11:11:59,936 [Worker-78: Building] INFO  o.e.m.c.i.e.AbstractTransferListenerAdapter - Downloading https://repo.maven.apache.org/maven2/io/netty/netty-bom/4.1.85.Final/netty-bom-4.1.85.Final.pom
2025-07-14 11:11:59,943 [Worker-78: Building] INFO  o.e.m.c.i.e.AbstractTransferListenerAdapter - Downloaded https://repo.maven.apache.org/maven2/io/netty/netty-bom/4.1.85.Final/netty-bom-4.1.85.Final.pom
2025-07-14 11:11:59,989 [Worker-78: Building] INFO  o.e.m.c.i.e.AbstractTransferListenerAdapter - Downloading https://repo.maven.apache.org/maven2/io/projectreactor/reactor-bom/2020.0.25/reactor-bom-2020.0.25.pom
2025-07-14 11:11:59,996 [Worker-78: Building] INFO  o.e.m.c.i.e.AbstractTransferListenerAdapter - Downloaded https://repo.maven.apache.org/maven2/io/projectreactor/reactor-bom/2020.0.25/reactor-bom-2020.0.25.pom
2025-07-14 11:12:00,036 [Worker-78: Building] INFO  o.e.m.c.i.e.AbstractTransferListenerAdapter - Downloading https://repo.maven.apache.org/maven2/org/springframework/data/spring-data-bom/2021.2.6/spring-data-bom-2021.2.6.pom
2025-07-14 11:12:00,042 [Worker-78: Building] INFO  o.e.m.c.i.e.AbstractTransferListenerAdapter - Downloaded https://repo.maven.apache.org/maven2/org/springframework/data/spring-data-bom/2021.2.6/spring-data-bom-2021.2.6.pom
2025-07-14 11:12:00,080 [Worker-78: Building] INFO  o.e.m.c.i.e.AbstractTransferListenerAdapter - Downloading https://repo.maven.apache.org/maven2/org/springframework/spring-framework-bom/5.3.24/spring-framework-bom-5.3.24.pom
2025-07-14 11:12:00,085 [Worker-78: Building] INFO  o.e.m.c.i.e.AbstractTransferListenerAdapter - Downloaded https://repo.maven.apache.org/maven2/org/springframework/spring-framework-bom/5.3.24/spring-framework-bom-5.3.24.pom
2025-07-14 11:12:00,126 [Worker-78: Building] INFO  o.e.m.c.i.e.AbstractTransferListenerAdapter - Downloading https://repo.maven.apache.org/maven2/org/springframework/security/spring-security-bom/5.7.5/spring-security-bom-5.7.5.pom
2025-07-14 11:12:00,132 [Worker-78: Building] INFO  o.e.m.c.i.e.AbstractTransferListenerAdapter - Downloaded https://repo.maven.apache.org/maven2/org/springframework/security/spring-security-bom/5.7.5/spring-security-bom-5.7.5.pom
2025-07-14 11:12:00,178 [Worker-78: Building] INFO  o.e.m.c.i.e.AbstractTransferListenerAdapter - Downloading https://repo.maven.apache.org/maven2/org/springdoc/springdoc-openapi-webmvc-core/1.6.14/springdoc-openapi-webmvc-core-1.6.14.pom
2025-07-14 11:12:00,184 [Worker-78: Building] INFO  o.e.m.c.i.e.AbstractTransferListenerAdapter - Downloaded https://repo.maven.apache.org/maven2/org/springdoc/springdoc-openapi-webmvc-core/1.6.14/springdoc-openapi-webmvc-core-1.6.14.pom
2025-07-14 11:12:00,220 [Worker-78: Building] INFO  o.e.m.c.i.e.AbstractTransferListenerAdapter - Downloading https://repo.maven.apache.org/maven2/org/springdoc/springdoc-openapi-common/1.6.14/springdoc-openapi-common-1.6.14.pom
2025-07-14 11:12:00,224 [Worker-78: Building] INFO  o.e.m.c.i.e.AbstractTransferListenerAdapter - Downloaded https://repo.maven.apache.org/maven2/org/springdoc/springdoc-openapi-common/1.6.14/springdoc-openapi-common-1.6.14.pom
2025-07-14 11:12:00,259 [Worker-78: Building] INFO  o.e.m.c.i.e.AbstractTransferListenerAdapter - Downloading https://repo.maven.apache.org/maven2/io/swagger/core/v3/swagger-core/2.2.7/swagger-core-2.2.7.pom
2025-07-14 11:12:00,262 [Worker-78: Building] INFO  o.e.m.c.i.e.AbstractTransferListenerAdapter - Downloaded https://repo.maven.apache.org/maven2/io/swagger/core/v3/swagger-core/2.2.7/swagger-core-2.2.7.pom
2025-07-14 11:12:00,296 [Worker-78: Building] INFO  o.e.m.c.i.e.AbstractTransferListenerAdapter - Downloading https://repo.maven.apache.org/maven2/io/swagger/core/v3/swagger-project/2.2.7/swagger-project-2.2.7.pom
2025-07-14 11:12:00,300 [Worker-78: Building] INFO  o.e.m.c.i.e.AbstractTransferListenerAdapter - Downloaded https://repo.maven.apache.org/maven2/io/swagger/core/v3/swagger-project/2.2.7/swagger-project-2.2.7.pom
2025-07-14 11:12:00,340 [Worker-78: Building] INFO  o.e.m.c.i.e.AbstractTransferListenerAdapter - Downloading https://repo.maven.apache.org/maven2/com/fasterxml/jackson/dataformat/jackson-dataformat-yaml/2.13.4/jackson-dataformat-yaml-2.13.4.pom
2025-07-14 11:12:00,343 [Worker-78: Building] INFO  o.e.m.c.i.e.AbstractTransferListenerAdapter - Downloaded https://repo.maven.apache.org/maven2/com/fasterxml/jackson/dataformat/jackson-dataformat-yaml/2.13.4/jackson-dataformat-yaml-2.13.4.pom
2025-07-14 11:12:00,380 [Worker-78: Building] INFO  o.e.m.c.i.e.AbstractTransferListenerAdapter - Downloading https://repo.maven.apache.org/maven2/com/fasterxml/jackson/dataformat/jackson-dataformats-text/2.13.4/jackson-dataformats-text-2.13.4.pom
2025-07-14 11:12:00,386 [Worker-78: Building] INFO  o.e.m.c.i.e.AbstractTransferListenerAdapter - Downloaded https://repo.maven.apache.org/maven2/com/fasterxml/jackson/dataformat/jackson-dataformats-text/2.13.4/jackson-dataformats-text-2.13.4.pom
2025-07-14 11:12:00,427 [Worker-78: Building] INFO  o.e.m.c.i.e.AbstractTransferListenerAdapter - Downloading https://repo.maven.apache.org/maven2/io/swagger/core/v3/swagger-annotations/2.2.7/swagger-annotations-2.2.7.pom
2025-07-14 11:12:00,434 [Worker-78: Building] INFO  o.e.m.c.i.e.AbstractTransferListenerAdapter - Downloaded https://repo.maven.apache.org/maven2/io/swagger/core/v3/swagger-annotations/2.2.7/swagger-annotations-2.2.7.pom
2025-07-14 11:12:00,474 [Worker-78: Building] INFO  o.e.m.c.i.e.AbstractTransferListenerAdapter - Downloading https://repo.maven.apache.org/maven2/io/swagger/core/v3/swagger-models/2.2.7/swagger-models-2.2.7.pom
2025-07-14 11:12:00,480 [Worker-78: Building] INFO  o.e.m.c.i.e.AbstractTransferListenerAdapter - Downloaded https://repo.maven.apache.org/maven2/io/swagger/core/v3/swagger-models/2.2.7/swagger-models-2.2.7.pom
2025-07-14 11:12:00,528 [Worker-78: Building] INFO  o.e.m.c.i.e.AbstractTransferListenerAdapter - Downloading https://repo.maven.apache.org/maven2/org/webjars/swagger-ui/4.15.5/swagger-ui-4.15.5.pom
2025-07-14 11:12:00,538 [Worker-78: Building] INFO  o.e.m.c.i.e.AbstractTransferListenerAdapter - Downloaded https://repo.maven.apache.org/maven2/org/webjars/swagger-ui/4.15.5/swagger-ui-4.15.5.pom
2025-07-14 11:12:00,577 [Worker-78: Building] INFO  o.e.m.c.i.e.AbstractTransferListenerAdapter - Downloading https://repo.maven.apache.org/maven2/org/webjars/webjars-locator-core/0.50/webjars-locator-core-0.50.pom
2025-07-14 11:12:00,583 [Worker-78: Building] INFO  o.e.m.c.i.e.AbstractTransferListenerAdapter - Downloaded https://repo.maven.apache.org/maven2/org/webjars/webjars-locator-core/0.50/webjars-locator-core-0.50.pom
2025-07-14 11:12:00,626 [Worker-78: Building] INFO  o.e.m.c.i.e.AbstractTransferListenerAdapter - Downloading https://repo.maven.apache.org/maven2/io/github/classgraph/classgraph/4.8.149/classgraph-4.8.149.pom
2025-07-14 11:12:00,635 [Worker-78: Building] INFO  o.e.m.c.i.e.AbstractTransferListenerAdapter - Downloaded https://repo.maven.apache.org/maven2/io/github/classgraph/classgraph/4.8.149/classgraph-4.8.149.pom
2025-07-14 11:12:00,749 [Worker-78: Building] INFO  o.e.m.c.i.e.AbstractTransferListenerAdapter - Downloading https://repo.maven.apache.org/maven2/org/springdoc/springdoc-openapi-ui/1.6.14/springdoc-openapi-ui-1.6.14.jar
2025-07-14 11:12:00,755 [Worker-78: Building] INFO  o.e.m.c.i.e.AbstractTransferListenerAdapter - Downloaded https://repo.maven.apache.org/maven2/org/springdoc/springdoc-openapi-ui/1.6.14/springdoc-openapi-ui-1.6.14.jar
2025-07-14 11:12:00,791 [BasicRepositoryConnector-repo.maven.apache.org-1-1] INFO  o.e.m.c.i.e.AbstractTransferListenerAdapter - Downloading https://repo.maven.apache.org/maven2/org/springdoc/springdoc-openapi-common/1.6.14/springdoc-openapi-common-1.6.14.jar
2025-07-14 11:12:00,861 [BasicRepositoryConnector-repo.maven.apache.org-1-1] INFO  o.e.m.c.i.e.AbstractTransferListenerAdapter - Downloaded https://repo.maven.apache.org/maven2/org/springdoc/springdoc-openapi-common/1.6.14/springdoc-openapi-common-1.6.14.jar
2025-07-14 11:12:00,888 [BasicRepositoryConnector-repo.maven.apache.org-1-3] INFO  o.e.m.c.i.e.AbstractTransferListenerAdapter - Downloading https://repo.maven.apache.org/maven2/com/fasterxml/jackson/dataformat/jackson-dataformat-yaml/2.13.4/jackson-dataformat-yaml-2.13.4.jar
2025-07-14 11:12:00,892 [BasicRepositoryConnector-repo.maven.apache.org-1-4] INFO  o.e.m.c.i.e.AbstractTransferListenerAdapter - Downloading https://repo.maven.apache.org/maven2/org/webjars/swagger-ui/4.15.5/swagger-ui-4.15.5.jar
2025-07-14 11:12:00,892 [BasicRepositoryConnector-repo.maven.apache.org-1-2] INFO  o.e.m.c.i.e.AbstractTransferListenerAdapter - Downloading https://repo.maven.apache.org/maven2/io/swagger/core/v3/swagger-core/2.2.7/swagger-core-2.2.7.jar
2025-07-14 11:12:00,892 [BasicRepositoryConnector-repo.maven.apache.org-1-0] INFO  o.e.m.c.i.e.AbstractTransferListenerAdapter - Downloading https://repo.maven.apache.org/maven2/org/springdoc/springdoc-openapi-webmvc-core/1.6.14/springdoc-openapi-webmvc-core-1.6.14.jar
2025-07-14 11:12:00,899 [BasicRepositoryConnector-repo.maven.apache.org-1-1] INFO  o.e.m.c.i.e.AbstractTransferListenerAdapter - Downloading https://repo.maven.apache.org/maven2/org/webjars/webjars-locator-core/0.50/webjars-locator-core-0.50.jar
2025-07-14 11:12:00,907 [BasicRepositoryConnector-repo.maven.apache.org-1-1] INFO  o.e.m.c.i.e.AbstractTransferListenerAdapter - Downloaded https://repo.maven.apache.org/maven2/org/webjars/webjars-locator-core/0.50/webjars-locator-core-0.50.jar
2025-07-14 11:12:00,909 [BasicRepositoryConnector-repo.maven.apache.org-1-0] INFO  o.e.m.c.i.e.AbstractTransferListenerAdapter - Downloaded https://repo.maven.apache.org/maven2/org/springdoc/springdoc-openapi-webmvc-core/1.6.14/springdoc-openapi-webmvc-core-1.6.14.jar
2025-07-14 11:12:00,946 [BasicRepositoryConnector-repo.maven.apache.org-1-3] INFO  o.e.m.c.i.e.AbstractTransferListenerAdapter - Downloaded https://repo.maven.apache.org/maven2/com/fasterxml/jackson/dataformat/jackson-dataformat-yaml/2.13.4/jackson-dataformat-yaml-2.13.4.jar
2025-07-14 11:12:00,956 [BasicRepositoryConnector-repo.maven.apache.org-1-1] INFO  o.e.m.c.i.e.AbstractTransferListenerAdapter - Downloading https://repo.maven.apache.org/maven2/io/github/classgraph/classgraph/4.8.149/classgraph-4.8.149.jar
2025-07-14 11:12:01,016 [BasicRepositoryConnector-repo.maven.apache.org-1-2] INFO  o.e.m.c.i.e.AbstractTransferListenerAdapter - Downloaded https://repo.maven.apache.org/maven2/io/swagger/core/v3/swagger-core/2.2.7/swagger-core-2.2.7.jar
2025-07-14 11:12:01,249 [BasicRepositoryConnector-repo.maven.apache.org-1-1] INFO  o.e.m.c.i.e.AbstractTransferListenerAdapter - Downloaded https://repo.maven.apache.org/maven2/io/github/classgraph/classgraph/4.8.149/classgraph-4.8.149.jar
2025-07-14 11:12:01,897 [BasicRepositoryConnector-repo.maven.apache.org-1-4] INFO  o.e.m.c.i.e.AbstractTransferListenerAdapter - Downloaded https://repo.maven.apache.org/maven2/org/webjars/swagger-ui/4.15.5/swagger-ui-4.15.5.jar
2025-07-14 11:12:02,218 [Worker-78: Building] INFO  o.e.m.c.i.embedder.EclipseLogger - Using 'UTF-8' encoding to copy filtered resources.
2025-07-14 11:12:02,218 [Worker-78: Building] INFO  o.e.m.c.i.embedder.EclipseLogger - Using 'UTF-8' encoding to copy filtered properties files.
2025-07-14 11:12:02,226 [Worker-78: Building] INFO  o.e.m.c.i.embedder.EclipseLogger - Copying 0 resource
2025-07-14 11:12:02,226 [Worker-78: Building] INFO  o.e.m.c.i.embedder.EclipseLogger - Copying 0 resource
2025-07-14 11:12:02,231 [Worker-78: Building] INFO  o.e.m.c.i.embedder.EclipseLogger - Using 'UTF-8' encoding to copy filtered resources.
2025-07-14 11:12:02,231 [Worker-78: Building] INFO  o.e.m.c.i.embedder.EclipseLogger - Using 'UTF-8' encoding to copy filtered properties files.
2025-07-14 11:12:02,231 [Worker-78: Building] INFO  o.e.m.c.i.embedder.EclipseLogger - skip non existing resourceDirectory C:\Users\muruk\Documents\Desafio completo\Sistema_back\Sistema\src\test\resources
2025-07-14 11:12:03,122 [Worker-80: Download sources and javadoc] INFO  o.e.m.c.i.e.AbstractTransferListenerAdapter - Downloading https://repo.maven.apache.org/maven2/org/springdoc/springdoc-openapi-ui/1.6.14/springdoc-openapi-ui-1.6.14-sources.jar
2025-07-14 11:12:03,127 [Worker-80: Download sources and javadoc] INFO  o.e.m.c.i.e.AbstractTransferListenerAdapter - Downloaded https://repo.maven.apache.org/maven2/org/springdoc/springdoc-openapi-ui/1.6.14/springdoc-openapi-ui-1.6.14-sources.jar
2025-07-14 11:12:03,130 [Worker-80: Download sources and javadoc] INFO  o.e.m.j.internal.DownloadSourcesJob - Downloaded sources for org.springdoc:springdoc-openapi-ui:1.6.14
2025-07-14 11:12:03,341 [Worker-80: Download sources and javadoc] INFO  o.e.m.c.i.e.AbstractTransferListenerAdapter - Downloading https://repo.maven.apache.org/maven2/org/springdoc/springdoc-openapi-webmvc-core/1.6.14/springdoc-openapi-webmvc-core-1.6.14-sources.jar
2025-07-14 11:12:03,358 [Worker-80: Download sources and javadoc] INFO  o.e.m.c.i.e.AbstractTransferListenerAdapter - Downloaded https://repo.maven.apache.org/maven2/org/springdoc/springdoc-openapi-webmvc-core/1.6.14/springdoc-openapi-webmvc-core-1.6.14-sources.jar
2025-07-14 11:12:03,363 [Worker-80: Download sources and javadoc] INFO  o.e.m.j.internal.DownloadSourcesJob - Downloaded sources for org.springdoc:springdoc-openapi-webmvc-core:1.6.14
2025-07-14 11:12:03,470 [Worker-80: Download sources and javadoc] INFO  o.e.m.c.i.e.AbstractTransferListenerAdapter - Downloading https://repo.maven.apache.org/maven2/org/springdoc/springdoc-openapi-common/1.6.14/springdoc-openapi-common-1.6.14-sources.jar
2025-07-14 11:12:03,551 [Worker-80: Download sources and javadoc] INFO  o.e.m.c.i.e.AbstractTransferListenerAdapter - Downloaded https://repo.maven.apache.org/maven2/org/springdoc/springdoc-openapi-common/1.6.14/springdoc-openapi-common-1.6.14-sources.jar
2025-07-14 11:12:03,554 [Worker-80: Download sources and javadoc] INFO  o.e.m.j.internal.DownloadSourcesJob - Downloaded sources for org.springdoc:springdoc-openapi-common:1.6.14
2025-07-14 11:12:03,670 [Worker-80: Download sources and javadoc] INFO  o.e.m.c.i.e.AbstractTransferListenerAdapter - Downloading https://repo.maven.apache.org/maven2/io/swagger/core/v3/swagger-core/2.2.7/swagger-core-2.2.7-sources.jar
2025-07-14 11:12:03,707 [Worker-80: Download sources and javadoc] INFO  o.e.m.c.i.e.AbstractTransferListenerAdapter - Downloaded https://repo.maven.apache.org/maven2/io/swagger/core/v3/swagger-core/2.2.7/swagger-core-2.2.7-sources.jar
2025-07-14 11:12:03,714 [Worker-80: Download sources and javadoc] INFO  o.e.m.j.internal.DownloadSourcesJob - Downloaded sources for io.swagger.core.v3:swagger-core:2.2.7
2025-07-14 11:12:03,720 [Worker-77: Building] INFO  o.e.m.c.i.embedder.EclipseLogger - Using 'UTF-8' encoding to copy filtered resources.
2025-07-14 11:12:03,720 [Worker-77: Building] INFO  o.e.m.c.i.embedder.EclipseLogger - Using 'UTF-8' encoding to copy filtered properties files.
2025-07-14 11:12:03,720 [Worker-77: Building] INFO  o.e.m.c.i.embedder.EclipseLogger - Copying 1 resource
2025-07-14 11:12:03,740 [Worker-77: Building] INFO  o.e.m.c.i.embedder.EclipseLogger - Copying 0 resource
2025-07-14 11:12:03,744 [Worker-77: Building] INFO  o.e.m.c.i.embedder.EclipseLogger - Using 'UTF-8' encoding to copy filtered resources.
2025-07-14 11:12:03,744 [Worker-77: Building] INFO  o.e.m.c.i.embedder.EclipseLogger - Using 'UTF-8' encoding to copy filtered properties files.
2025-07-14 11:12:03,744 [Worker-77: Building] INFO  o.e.m.c.i.embedder.EclipseLogger - skip non existing resourceDirectory C:\Users\muruk\Documents\Desafio completo\Sistema_back\Sistema\src\test\resources
2025-07-14 11:12:03,856 [Worker-80: Download sources and javadoc] INFO  o.e.m.c.i.e.AbstractTransferListenerAdapter - Downloading https://repo.maven.apache.org/maven2/com/fasterxml/jackson/dataformat/jackson-dataformat-yaml/2.13.4/jackson-dataformat-yaml-2.13.4-sources.jar
2025-07-14 11:12:03,887 [Worker-80: Download sources and javadoc] INFO  o.e.m.c.i.e.AbstractTransferListenerAdapter - Downloaded https://repo.maven.apache.org/maven2/com/fasterxml/jackson/dataformat/jackson-dataformat-yaml/2.13.4/jackson-dataformat-yaml-2.13.4-sources.jar
2025-07-14 11:12:03,889 [Worker-80: Download sources and javadoc] INFO  o.e.m.j.internal.DownloadSourcesJob - Downloaded sources for com.fasterxml.jackson.dataformat:jackson-dataformat-yaml:2.13.4
2025-07-14 11:12:04,120 [Worker-80: Download sources and javadoc] INFO  o.e.m.c.i.e.AbstractTransferListenerAdapter - Downloaded https://repo.maven.apache.org/maven2/org/webjars/swagger-ui/4.15.5/swagger-ui-4.15.5-sources.jar
2025-07-14 11:12:04,130 [Worker-80: Download sources and javadoc] ERROR o.e.m.j.internal.DownloadSourcesJob - Could not download sources for org.webjars:swagger-ui:4.15.5
org.eclipse.core.runtime.CoreException: Could not resolve artifact org.webjars:swagger-ui:jar:sources:4.15.5
	at org.eclipse.m2e.core.internal.embedder.MavenImpl.lambda$7(MavenImpl.java:540)
	at org.eclipse.m2e.core.internal.embedder.MavenExecutionContext.executeBare(MavenExecutionContext.java:458)
	at org.eclipse.m2e.core.internal.embedder.MavenExecutionContext.execute(MavenExecutionContext.java:292)
	at org.eclipse.m2e.core.internal.embedder.MavenExecutionContext.execute(MavenExecutionContext.java:278)
	at org.eclipse.m2e.core.internal.embedder.MavenImpl.resolve(MavenImpl.java:509)
	at org.eclipse.m2e.core.internal.embedder.MavenImpl.resolve(MavenImpl.java:494)
	at org.eclipse.m2e.jdt.internal.DownloadSourcesJob.download(DownloadSourcesJob.java:308)
	at org.eclipse.m2e.jdt.internal.DownloadSourcesJob.downloadAttachments(DownloadSourcesJob.java:282)
	at org.eclipse.m2e.jdt.internal.DownloadSourcesJob.downloadMaven(DownloadSourcesJob.java:252)
	at org.eclipse.m2e.jdt.internal.DownloadSourcesJob.downloadFilesAndPopulateToUpdate(DownloadSourcesJob.java:220)
	at org.eclipse.m2e.jdt.internal.DownloadSourcesJob.lambda$0(DownloadSourcesJob.java:149)
	at org.eclipse.m2e.core.internal.embedder.MavenExecutionContext.executeBare(MavenExecutionContext.java:458)
	at org.eclipse.m2e.core.internal.embedder.MavenExecutionContext.execute(MavenExecutionContext.java:339)
	at org.eclipse.m2e.core.internal.embedder.MavenExecutionContext.execute(MavenExecutionContext.java:278)
	at org.eclipse.m2e.core.embedder.IMaven.execute(IMaven.java:300)
	at org.eclipse.m2e.jdt.internal.DownloadSourcesJob.run(DownloadSourcesJob.java:149)
	at org.eclipse.core.internal.jobs.Worker.run(Worker.java:63)
2025-07-14 11:12:04,262 [Worker-80: Download sources and javadoc] INFO  o.e.m.c.i.e.AbstractTransferListenerAdapter - Downloading https://repo.maven.apache.org/maven2/org/webjars/webjars-locator-core/0.50/webjars-locator-core-0.50-sources.jar
2025-07-14 11:12:04,267 [Worker-80: Download sources and javadoc] INFO  o.e.m.c.i.e.AbstractTransferListenerAdapter - Downloaded https://repo.maven.apache.org/maven2/org/webjars/webjars-locator-core/0.50/webjars-locator-core-0.50-sources.jar
2025-07-14 11:12:04,269 [Worker-80: Download sources and javadoc] INFO  o.e.m.j.internal.DownloadSourcesJob - Downloaded sources for org.webjars:webjars-locator-core:0.50
2025-07-14 11:12:04,366 [Worker-80: Download sources and javadoc] INFO  o.e.m.c.i.e.AbstractTransferListenerAdapter - Downloading https://repo.maven.apache.org/maven2/io/github/classgraph/classgraph/4.8.149/classgraph-4.8.149-sources.jar
2025-07-14 11:12:04,494 [Worker-80: Download sources and javadoc] INFO  o.e.m.c.i.e.AbstractTransferListenerAdapter - Downloaded https://repo.maven.apache.org/maven2/io/github/classgraph/classgraph/4.8.149/classgraph-4.8.149-sources.jar
2025-07-14 11:12:04,498 [Worker-80: Download sources and javadoc] INFO  o.e.m.j.internal.DownloadSourcesJob - Downloaded sources for io.github.classgraph:classgraph:4.8.149
2025-07-14 11:12:42,654 [Worker-80: Building] INFO  o.e.m.c.i.embedder.EclipseLogger - Using 'UTF-8' encoding to copy filtered resources.
2025-07-14 11:12:42,654 [Worker-80: Building] INFO  o.e.m.c.i.embedder.EclipseLogger - Using 'UTF-8' encoding to copy filtered properties files.
2025-07-14 11:12:42,655 [Worker-80: Building] INFO  o.e.m.c.i.embedder.EclipseLogger - Copying 1 resource
2025-07-14 11:12:42,659 [Worker-80: Building] INFO  o.e.m.c.i.embedder.EclipseLogger - Copying 0 resource
2025-07-14 11:12:42,661 [Worker-80: Building] INFO  o.e.m.c.i.embedder.EclipseLogger - Using 'UTF-8' encoding to copy filtered resources.
2025-07-14 11:12:42,661 [Worker-80: Building] INFO  o.e.m.c.i.embedder.EclipseLogger - Using 'UTF-8' encoding to copy filtered properties files.
2025-07-14 11:12:42,661 [Worker-80: Building] INFO  o.e.m.c.i.embedder.EclipseLogger - skip non existing resourceDirectory C:\Users\muruk\Documents\Desafio completo\Sistema_back\Sistema\src\test\resources
2025-07-14 11:13:02,976 [Worker-82: Download sources and javadoc] INFO  o.e.m.c.i.e.AbstractTransferListenerAdapter - Downloading https://repo.maven.apache.org/maven2/org/webjars/swagger-ui/4.15.5/swagger-ui-4.15.5-javadoc.jar
2025-07-14 11:13:03,493 [Worker-82: Download sources and javadoc] INFO  o.e.m.c.i.e.AbstractTransferListenerAdapter - Downloaded https://repo.maven.apache.org/maven2/org/webjars/swagger-ui/4.15.5/swagger-ui-4.15.5-javadoc.jar
2025-07-14 11:13:03,495 [Worker-82: Download sources and javadoc] INFO  o.e.m.j.internal.DownloadSourcesJob - Downloaded javadoc for org.webjars:swagger-ui:4.15.5
2025-07-14 11:15:04,698 [Worker-60: Building] INFO  o.e.m.c.i.l.LifecycleMappingFactory - Using org.eclipse.m2e.jdt.JarLifecycleMapping lifecycle mapping for MavenProject: br.com.sistema:Sistema:0.0.1-SNAPSHOT @ C:\Users\muruk\Documents\Desafio completo\Sistema_back\Sistema\pom.xml.
2025-07-14 11:15:05,144 [Worker-60: Building] INFO  o.e.m.c.i.e.AbstractTransferListenerAdapter - Downloading https://repo.maven.apache.org/maven2/io/swagger/core/v3/swagger-annotations/2.2.7/swagger-annotations-2.2.7.jar
2025-07-14 11:15:05,185 [Worker-60: Building] INFO  o.e.m.c.i.e.AbstractTransferListenerAdapter - Downloaded https://repo.maven.apache.org/maven2/io/swagger/core/v3/swagger-annotations/2.2.7/swagger-annotations-2.2.7.jar
2025-07-14 11:15:05,219 [BasicRepositoryConnector-repo.maven.apache.org-2-0] INFO  o.e.m.c.i.e.AbstractTransferListenerAdapter - Downloading https://repo.maven.apache.org/maven2/io/swagger/core/v3/swagger-models/2.2.7/swagger-models-2.2.7.jar
2025-07-14 11:15:05,285 [BasicRepositoryConnector-repo.maven.apache.org-2-0] INFO  o.e.m.c.i.e.AbstractTransferListenerAdapter - Downloaded https://repo.maven.apache.org/maven2/io/swagger/core/v3/swagger-models/2.2.7/swagger-models-2.2.7.jar
2025-07-14 11:15:05,499 [Worker-60: Building] INFO  o.e.m.c.i.embedder.EclipseLogger - Using 'UTF-8' encoding to copy filtered resources.
2025-07-14 11:15:05,499 [Worker-60: Building] INFO  o.e.m.c.i.embedder.EclipseLogger - Using 'UTF-8' encoding to copy filtered properties files.
2025-07-14 11:15:05,501 [Worker-60: Building] INFO  o.e.m.c.i.embedder.EclipseLogger - Copying 0 resource
2025-07-14 11:15:05,502 [Worker-60: Building] INFO  o.e.m.c.i.embedder.EclipseLogger - Copying 0 resource
2025-07-14 11:15:05,505 [Worker-60: Building] INFO  o.e.m.c.i.embedder.EclipseLogger - Using 'UTF-8' encoding to copy filtered resources.
2025-07-14 11:15:05,505 [Worker-60: Building] INFO  o.e.m.c.i.embedder.EclipseLogger - Using 'UTF-8' encoding to copy filtered properties files.
2025-07-14 11:15:05,505 [Worker-60: Building] INFO  o.e.m.c.i.embedder.EclipseLogger - skip non existing resourceDirectory C:\Users\muruk\Documents\Desafio completo\Sistema_back\Sistema\src\test\resources
2025-07-14 11:15:06,510 [Worker-60: Download sources and javadoc] INFO  o.e.m.c.i.e.AbstractTransferListenerAdapter - Downloading https://repo.maven.apache.org/maven2/io/swagger/core/v3/swagger-annotations/2.2.7/swagger-annotations-2.2.7-sources.jar
2025-07-14 11:15:06,588 [Worker-60: Download sources and javadoc] INFO  o.e.m.c.i.e.AbstractTransferListenerAdapter - Downloaded https://repo.maven.apache.org/maven2/io/swagger/core/v3/swagger-annotations/2.2.7/swagger-annotations-2.2.7-sources.jar
2025-07-14 11:15:06,595 [Worker-60: Download sources and javadoc] INFO  o.e.m.j.internal.DownloadSourcesJob - Downloaded sources for io.swagger.core.v3:swagger-annotations:2.2.7
2025-07-14 11:15:06,700 [Worker-60: Download sources and javadoc] INFO  o.e.m.c.i.e.AbstractTransferListenerAdapter - Downloading https://repo.maven.apache.org/maven2/io/swagger/core/v3/swagger-models/2.2.7/swagger-models-2.2.7-sources.jar
2025-07-14 11:15:06,753 [Worker-60: Download sources and javadoc] INFO  o.e.m.c.i.e.AbstractTransferListenerAdapter - Downloaded https://repo.maven.apache.org/maven2/io/swagger/core/v3/swagger-models/2.2.7/swagger-models-2.2.7-sources.jar
2025-07-14 11:15:06,759 [Worker-60: Download sources and javadoc] INFO  o.e.m.j.internal.DownloadSourcesJob - Downloaded sources for io.swagger.core.v3:swagger-models:2.2.7
2025-07-14 11:15:07,128 [Worker-60: Building] INFO  o.e.m.c.i.embedder.EclipseLogger - Using 'UTF-8' encoding to copy filtered resources.
2025-07-14 11:15:07,128 [Worker-60: Building] INFO  o.e.m.c.i.embedder.EclipseLogger - Using 'UTF-8' encoding to copy filtered properties files.
2025-07-14 11:15:07,128 [Worker-60: Building] INFO  o.e.m.c.i.embedder.EclipseLogger - Copying 1 resource
2025-07-14 11:15:07,145 [Worker-60: Building] INFO  o.e.m.c.i.embedder.EclipseLogger - Copying 0 resource
2025-07-14 11:15:07,151 [Worker-60: Building] INFO  o.e.m.c.i.embedder.EclipseLogger - Using 'UTF-8' encoding to copy filtered resources.
2025-07-14 11:15:07,151 [Worker-60: Building] INFO  o.e.m.c.i.embedder.EclipseLogger - Using 'UTF-8' encoding to copy filtered properties files.
2025-07-14 11:15:07,151 [Worker-60: Building] INFO  o.e.m.c.i.embedder.EclipseLogger - skip non existing resourceDirectory C:\Users\muruk\Documents\Desafio completo\Sistema_back\Sistema\src\test\resources
2025-07-14 11:16:59,276 [Worker-78: Building] INFO  o.e.m.c.i.embedder.EclipseLogger - Using 'UTF-8' encoding to copy filtered resources.
2025-07-14 11:16:59,276 [Worker-78: Building] INFO  o.e.m.c.i.embedder.EclipseLogger - Using 'UTF-8' encoding to copy filtered properties files.
2025-07-14 11:16:59,276 [Worker-78: Building] INFO  o.e.m.c.i.embedder.EclipseLogger - Copying 1 resource
2025-07-14 11:16:59,281 [Worker-78: Building] INFO  o.e.m.c.i.embedder.EclipseLogger - Copying 0 resource
2025-07-14 11:16:59,283 [Worker-78: Building] INFO  o.e.m.c.i.embedder.EclipseLogger - Using 'UTF-8' encoding to copy filtered resources.
2025-07-14 11:16:59,284 [Worker-78: Building] INFO  o.e.m.c.i.embedder.EclipseLogger - Using 'UTF-8' encoding to copy filtered properties files.
2025-07-14 11:16:59,284 [Worker-78: Building] INFO  o.e.m.c.i.embedder.EclipseLogger - skip non existing resourceDirectory C:\Users\muruk\Documents\Desafio completo\Sistema_back\Sistema\src\test\resources
2025-07-14 11:19:04,885 [Worker-60: Building] INFO  o.e.m.c.i.embedder.EclipseLogger - Using 'UTF-8' encoding to copy filtered resources.
2025-07-14 11:19:04,886 [Worker-60: Building] INFO  o.e.m.c.i.embedder.EclipseLogger - Using 'UTF-8' encoding to copy filtered properties files.
2025-07-14 11:19:04,886 [Worker-60: Building] INFO  o.e.m.c.i.embedder.EclipseLogger - Copying 1 resource
2025-07-14 11:19:04,896 [Worker-60: Building] INFO  o.e.m.c.i.embedder.EclipseLogger - Copying 0 resource
2025-07-14 11:19:04,902 [Worker-60: Building] INFO  o.e.m.c.i.embedder.EclipseLogger - Using 'UTF-8' encoding to copy filtered resources.
2025-07-14 11:19:04,902 [Worker-60: Building] INFO  o.e.m.c.i.embedder.EclipseLogger - Using 'UTF-8' encoding to copy filtered properties files.
2025-07-14 11:19:04,902 [Worker-60: Building] INFO  o.e.m.c.i.embedder.EclipseLogger - skip non existing resourceDirectory C:\Users\muruk\Documents\Desafio completo\Sistema_back\Sistema\src\test\resources
2025-07-14 11:21:24,805 [Worker-80: Building] INFO  o.e.m.c.i.embedder.EclipseLogger - Using 'UTF-8' encoding to copy filtered resources.
2025-07-14 11:21:24,805 [Worker-80: Building] INFO  o.e.m.c.i.embedder.EclipseLogger - Using 'UTF-8' encoding to copy filtered properties files.
2025-07-14 11:21:24,806 [Worker-80: Building] INFO  o.e.m.c.i.embedder.EclipseLogger - Copying 1 resource
